Workbook
Name clientesfantasia: Alan!$K$9:$K$34
Name clientesfantasia: Bernardo!$K$9:$K$34
Name clientesfantasia: 'Cópia de Cópia de BDHorárioeBen'!$D$17
Name clientesfantasia: 'Planilha simplificada'!$D$7:$D$32
Name clientesfantasia: 'sapucaia novo'!$C$3:$C$16
Name clientesfantasia: #REF!
Name IntervaloNomeadoteste: #REF!

Sheet Cliente IA
A1: codigo_cliente | B1: razao_social | C1: cnpj | D1: nome_responsavel | E1: telefone_responsavel | F1: cep | G1: logradouro | H1: numero | I1: complemento | J1: bairro | K1: cidade | L1: uf | M1: gestor_operacional | N1: Posto do Gestor | O1: periodicidade_visita | P1: ranking_prioridades | Q1: escopo_trabalho
A2: FC001 | B2: ALFA SERRANA | C2: 28.462.927/0001-62 | D2: Gabriela | E2: 24 98802-3530 | F2: 25625-140 | G2: Rua Professor Pinto Ferreira | H2: 36 | J2: Centro | K2: Petrópolis | L2: RJ | M2: Brenda | N2: Coordenador ADM | O2: Bimestral | P2: C04 | Q2: 3151.66
A3: FC003 | B3: ANAPOLY - CONDOMINIO | C3: 17.901.124/0001-40 | D3: Antonio | E3: 24 98881-6144 | F3: 25710-180 | G3: Rua Hyvio Naliato | H3: 786 | I3: — | J3: Cascatinha | K3: Petrópolis | L3: RJ | M3: Wiliam | N3: Supervisor 02 | O3: Sob Demanda | P3: C13 | Q3: 1262.47
A4: FC004 | B4: ARMAZENS RENATO | C4: 31.121.320/0001-23 | D4: Gerson Renato Sutter | E4: 24 99832-5321 | F4: 25625-022 | G4: Rua Teresa | H4: 1566 | I4: SL 202 | J4: Alto da Serra | K4: Petrópolis | L4: RJ | M4: Bernardo | N4: Supervisor 01 | O4: Mensal | P4: B06 | Q4: 7623.01
A5: FC008 | B5: BRAL- MAX | C5: 01.399.482/0001-67 | D5: Roberta | E5: 24 99911-7347 | F5: 25630-021 | G5: Avenida General Marciano Magalhães | H5: 61 | I5: — | J5: Morin | K5: Petrópolis | L5: RJ | M5: Bernardo | N5: Supervisor 01 | O5: Mensal | P5: B01 | Q5: 15382.41
A6: FC009a | B6: C. CORREAS - ABC | C6: 31.161.235/0013-22 | D6: Alex | E6: 24 98809-0492 | F6: 25625-026 | G6: Rua Teresa | H6: 1515 | I6: 203 | J6: Alto da Serra | K6: Petrópolis | L6: RJ | M6: Bernardo | N6: Supervisor 01 | O6: Mensal | P6: A01 | Q6: 1892.48
A7: FC009b | B7: C. CORREAS - BAUHAUS | C7: 31.161.235/0002-70 | D7: Alex | E7: 24 98809-0492 | F7: 25680-199 | G7: Rua Nelson de Sá Earp | H7: 95 | I7: Sobreloja | J7: Centro | K7: Petrópolis | L7: RJ | M7: Bernardo | N7: Supervisor 01 | O7: Quinzenal | P7: A01 | Q7: 4442.71
A8: FC009c | B8: C. CORREAS - CASCATINHA | C8: 31.161.235/0012-41 | D8: Alex | E8: 24 98809-0492 | F8: 25655-320 | G8: Rua Hyvio Natalino | H8: 110 | I8: — | J8: Cascatinha | K8: Petrópolis | L8: RJ | M8: Bernardo | N8: Supervisor 01 | O8: Mensal | P8: A01 | Q8: 2182.29
A9: FC009d | B9: C. CORREAS - ITAIPAVA | C9: 31.161.235/0011-60 | D9: Alex | E9: 24 98809-0492 | F9: 25750-226 | G9: Estrada União e Indústria | H9: 10126 | I9: — | J9: Itaipava | K9: Petrópolis | L9: RJ | M9: Bernardo | N9: Supervisor 01 | O9: Quinzenal | P9: A01 | Q9: 3358.65
A10: FC009e | B10: C. CORREAS - MATRIZ | C10: 04.237.600/0001-29 | D10: Alex | E10: 24 98809-0492 | F10: 25730-040 | G10: Rua Rodolfo Figueira de Melo | H10: 17 | I10: — | J10: Correias | K10: Petrópolis | L10: RJ | M10: Bernardo | N10: Supervisor 01 | O10: Quinzenal | P10: A01 | Q10: 9347.07
A11: FC009f | B11: C. CORREAS - N. IGUAÇU GV | C11: 30.808.497/0006-44 | D11: Alex | E11: 24 98809-0492 | F11: 26210-170 | G11: Rua Getúlio Vargas | H11: 109 | I11: — | J11: Centro | K11: Nova Iguaçu | L11: RJ | M11: Bernardo | N11: Supervisor 01 | O11: Mensal | P11: A01 | Q11: 3825.6
A12: FC009g | B12: C. CORREAS - N. IGUAÇU OT | C12: 30.808.497/0001-30 | D12: Alex | E12: 24 98809-0492 | F12: 26210-200 | G12: Rua Otávio Tarquino | H12: 74 | I12: — | J12: Centro | K12: Nova Iguaçu | L12: RJ | M12: Bernardo | N12: Supervisor 01 | O12: Mensal | P12: A01 | Q12: 4875.14
A13: FC009h | B13: C. CORREAS - N. FRIBURGO COLETA | C13: 68.665.868/0001-44 | D13: Alex | E13: 24 98809-0492 | F13: 28625-340 | G13: Praça 1º de Maio | H13: 8 | I13: — | J13: Olaria | K13: Nova Friburgo | L13: RJ | M13: Bernardo | N13: Supervisor 01 | O13: Mensal | P13: A01 | Q13: 2551.21
A14: FC009i | B14: C. CORREAS - N. FRIBURGO MATRIZ | C14: 31.161.235/0001-99 | D14: Alex | E14: 24 98809-0492 | F14: 28613-050 | G14: Travessa São João | H14: 8 | I14: — | J14: Centro | K14: Nova Friburgo | L14: RJ | M14: Bernardo | N14: Supervisor 01 | O14: Mensal | P14: A01 | Q14: 3825.6
A15: FC009j | B15: C. CORREAS - BAUHAUS KIDS | C15: 31.161.235/0002-70 | D15: Alex | E15: 24 98809-0492 | F15: 25680-199 | G15: Rua Nelson de Sá Earp | H15: 95 | I15: Sobreloja | J15: Centro | K15: Petrópolis | L15: RJ | M15: Bernardo | N15: Supervisor 01 | O15: Quinzenal | P15: A01 | Q15: 4442.71
A16: FC009k | B16: C. CORREAS - SJVRP | C16: 31.161.235/0010-80 | D16: Alex | E16: 24 98809-0492 | F16: 25865-000 | G16: Praça João Werneck | H16: 55 | I16: — | J16: Centro | K16: São José do Vale do Rio Preto | L16: RJ | M16: Bernardo | N16: Supervisor 01 | O16: Mensal | P16: A01 | Q16: 3290.87
A17: FC009l | B17: C. CORREAS - SUS | C17: 31.161.235/0009-46 | D17: Alex | E17: 24 98809-0492 | F17: 25655-010 | G17: Rua Castro Alves | H17: 67 | I17: — | J17: Correias | K17: Petrópolis | L17: RJ | M17: Bernardo | N17: Supervisor 01 | O17: Quinzenal | P17: A01 | Q17: 2783.86
A18: FC009m | B18: C. CORREAS - TERESOPOLIS | C18: 31.161.235/0014-03 | D18: Alex | E18: 24 98809-0492 | F18: 25953-160 | G18: Praça Baltazar da Silveira | H18: 92 | I18: Loja | J18: Várzea | K18: Teresópolis | L18: RJ | M18: Bernardo | N18: Supervisor 01 | O18: Mensal | P18: A01 | Q18: 3825.6
... A29: FC014 | B29: CORREAS MALL | C29: 48.399.206/0001-62 | D29: Renata Senna | E29: 24 2242-2003 | F29: 25720-071 | G29: Estrada União e Indústria | H29: 5077 | I29: — | J29: Corrêas | K29: Petrópolis | L29: RJ | M29: Wiliam | N29: Supervisor 02 | O29: Mensal | P29: C01 | Q29: 3443.28
A30: FC016 | B30: DIAS DE OLIVEIRA - CONDOMINIO | C30: 09.604.970/0001-70 | D30: Jose Almiro | E30: 24 98813-6418 | F30: 25665-140 | G30: Rua Sebastião Heinen | H30: 33 | J30: Duarte Silveira | K30: Petrópolis | L30: RJ | M30: Brenda | N30: Coordenador ADM | O30: Sob Demanda | P30: C07 | Q30: 1998.25
A31: FC017 | B31: DONA GUILHERMINA - CONDOMINIO | C31: SEM CONTRATO | D31: Telma | E31: 24 98818-2877 | F31: 25750-226 | G31: Estrada União e Indústria | H31: 12104 | I31: — | J31: Itaipava | K31: Petrópolis | L31: RJ | M31: Wiliam | N31: Supervisor 02 | O31: Quinzenal | P31: C09 | Q31: 1926.07
A32: FC018 | B32: ESCRITORIO DO JOÃO | C32: SEM CONTRATO | D32: Leonardo Sutter | E32: 24 2231-6910 | F32: 25680-176 | G32: Rua Professor Stroeler | H32: 428 | I32: Sala 303 | J32: Quarteirão Brasileiro | K32: Petrópolis | L32: RJ | M32: Brenda | N32: Coordenador ADM | O32: Sob Demanda | P32: C26 | Q32: 0
A33: FC020 | B33: FUNERÁRIA OSWALDO CRUZ | C33: 29.671.468/0001-90 | D33: Renan | E33: 24 98807-7716 | F33: 25610-140 | G33: Praça Oswaldo Cruz | H33: 36 e 40 | I33: — | J33: Centro | K33: Petrópolis | L33: RJ | M33: Wiliam | N33: Supervisor 02 | O33: Quinzenal | P33: B09 | Q33: 4435.34
A34: FC022 | B34: GIÓIA - CONDOMINIO | C34: 36.551.208/0001-46 | D34: Sueli | E34: 24 98808-3861 | F34: 25660-003 | G34: Rua Bingen | H34: 684 | J34: Bingen | K34: Petrópolis | L34: RJ | M34: Brenda | N34: Coordenador ADM | O34: Sob Demanda | P34: C17 | Q34: 748.26
A35: FC023 | B35: GREEN OFFICES - CONDOMINIO | C35: 28.466.072/0001-48 | D35: Ualace | E35: 24 99309-8811 | F35: 25680-176 | G35: Rua Professor Stroeler | H35: 428 | I35: — | J35: Quarteirão Brasileiro | K35: Petrópolis | L35: RJ | M35: Bernardo | N35: Supervisor 01 | O35: Semanal | P35: A04 | Q35: 27970.65
A36: FC024 | B36: HGL ENGENHARIA LTDA | C36: 31.276.026/0001-90 | D36: Daniele Haubrich | E36: 24 99946-7010 | F36: 25665-453 | G36: Rua Doutor Arthur Cruz | H36: 300 | I36: — | J36: Duarte Silveira | K36: Petrópolis | L36: RJ | M36: Wiliam | N36: Supervisor 02 | O36: Bimestral | P36: C02 | Q36: 3269.41
A37: FC032 | B37: MANOEL BELERIQUE | C37: 05.852.964/0001-81 | D37: Adriana | E37: 24 99233-9185 | F37: 25620-010 | G37: Rua Dom Pedro I | H37: 145 | I37: — | J37: Centro | K37: Petrópolis | L37: RJ | M37: Wiliam | N37: Supervisor 02 | O37: Sob Demanda | P37: C10 | Q37: 1805.91
A38: FC033 | B38: MARCA INFORMATICA | C38: 01.886.620/0001-32 | D38: Andrea | E38: 24 99993-4712 | F38: 25635-530 | G38: Rua Teresa | H38: 1515 | I38: Sala 25 | J38: Alto da Serra | K38: Petrópolis | L38: RJ | M38: Wiliam | N38: Supervisor 02 | O38: Sob Demanda | P38: C20 | Q38: 384.03
A39: FC034 | B39: NEW GROUP TELECOM | C39: 12.913.472/0001-14 | D39: Camila | E39: 24 99278-0366 | F39: 25680-176 | G39: Rua Professor Stroeler | H39: 428 | J39: Quarteirão Brasileiro | K39: Petrópolis | L39: RJ | M39: Brenda | N39: Coordenador ADM | O39: Sob Demanda | P39: C19 | Q39: 530.01
A40: FC038 | B40: POUSADA DE ARARAS - CONDOMINIO | C40: SEM CONTRATO | F40: 25725-022 | G40: Estrada Bernardo Coutinho | H40: 4570 | I40: Lote E | J40: Araras | K40: Petrópolis | L40: RJ | M40: Bernardo | N40: Supervisor 01 | O40: Bimestral | P40: B05 | Q40: 8635.76
A41: FC041 | B41: PRISCILA - CONDOMINIO | C41: 36.440.394/0001-46 | D41: Valdir | E41: 24 98833-9579 | F41: 25625-000 | G41: Rua Dr. Eugenio Barcellos | H41: 60 | J41: Valparaiso | K41: Petrópolis | L41: RJ | M41: Wiliam | N41: Supervisor 02 | O41: Sob Demanda | P41: C16 | Q41: 751.06
A42: FC042 | B42: REDETV | C42: SEM CONTRATO | D42: Vivian | E42: 24 98857-4814 | F42: 25620-030 | G42: Rua Paulo Barbosa | H42: 180 | I42: — | J42: Centro | K42: Petrópolis | L42: RJ | M42: Brenda | N42: Coordenador ADM | O42: Sob Demanda | P42: C27 | Q42: 0
A43: FC045 | B43: SESMARIAS - CONDOMINIO | C43: 18.995.780/0001-12 | D43: Vinícius Barros | E43: 21 992514607 | F43: 25645-312 | G43: Estrada do Samambaia | H43: 335 | I43: — | J43: Samambaia | K43: Petrópolis | L43: RJ | M43: Brenda | N43: Coordenador ADM | O43: Quinzenal | P43: A02 | Q43: 79431.92
A44: FC047 | B44: SULTEC | C44: 20.251.881/0001-20 | D44: Ana | E44: 24 98802-3120 | F44: 25635-530 | G44: Rua Teresa | H44: 1524 | I44: — | J44: Alto da Serra | K44: Petrópolis | L44: RJ | M44: Wiliam | N44: Supervisor 02 | O44: Bimestral | P44: C08 | Q44: 1962.31
A45: FC048 | B45: TARRAFAS SHOPPING - COMERCIAL | C45: 08.834.722/0001-53 | D45: Claudia | E45: 21 97223-1836 | F45: 25750-226 | G45: Rua União e Indústria | H45: 10395 | I45: — | J45: Itaipava | K45: Petrópolis | L45: RJ | M45: Bernardo | N45: Supervisor 01 | O45: Semanal | P45: A05 | Q45: 24977.75
A46: FC050 | B46: TOP HOUSE | C46: 05.941.573/0001-33 | D46: Claudia | E46: 24 2232-2450 | F46: 25745-120 | G46: Estrada Philuvio Cerqueira Rodrigues | H46: 1916 | I46: Área B | J46: Itaipava | K46: Petrópolis | L46: RJ | M46: Bernardo | N46: Supervisor 01 | O46: Mensal | P46: B02 | Q46: 12189.42
A47: FC052 | B47: VIA VISAO (MARQUESE) | C47: 40.261.476/0001-09 | D47: Carlos Alberto Lima da Silva | E47: 24 99259-5083 | F47: 25620-003 | G47: Rua do Imperador | H47: — | I47: — | J47: Centro | K47: Petrópolis | L47: RJ | M47: Brenda | N47: Coordenador ADM | O47: Sob Demanda | P47: C23 | Q47: 247.53
A48: FC053 | B48: ÓTICA ZEISS - 16 de Março | C48: 44.154.533/0001-01 | D48: Carlos Alberto Lima da Silva | E48: 24 99259-5083 | F48: 25620-040 | G48: Rua Dezesseis de Março | H48: 33 | I48: — | J48: Centro | K48: Petrópolis | L48: RJ | M48: Brenda | N48: Coordenador ADM | O48: Sob Demanda | P48: C24 | Q48: 247.35
A49: FC054 | B49: VIA VISÃO ( VILAREJO ) | C49: 40.261.476/0002-81 | D49: Carlos Alberto Lima da Silva | E49: 24 99259-5083 | F49: 25750-221 | G49: Estrada União e Indústria | H49: 10035 | I49: Loja A 142 | J49: Itaipava | K49: Petrópolis | L49: RJ | M49: Brenda | N49: Coordenador ADM | O49: Sob Demanda | P49: C25 | Q49: 247.29
A50: FC055 | B50: VILLAR IMPERIAL - CONDOMINIO | C50: 28.462.489/0001-32 | D50: Rosangela | E50: 24 99999-1747 | F50: 25655-152 | G50: Rua Coronel Veiga | H50: 733 | I50: — | J50: Valparaíso | K50: Petrópolis | L50: RJ | M50: Wiliam | N50: Supervisor 02 | O50: Sob Demanda | P50: C06 | Q50: 2201.89
A51: FC057 | B51: JPM - ASSESSORIA | C51: 01.532.477/0001-80 | D51: Daniel | E51: 24 98804-7831 | F51: 25620-030 | G51: Rua Paulo Barbosa | H51: 147 | I51: Sobrelojas 11 e 12 | J51: Centro | K51: Petrópolis | L51: RJ | M51: Wiliam | N51: Supervisor 02 | O51: Bimestral | P51: C05 | Q51: 2525.5
A52: FC059 | B52: QUARTEIRÃO SUIÇO - GISELE | C52: SEM CONTRATO | D52: Gisele | E52: 24 99965-7354 | F52: 25625-070 | G52: Rua Barão de Águas Claras | H52: — | I52: — | J52: Quarteirão Suíço | K52: Petrópolis | L52: RJ | M52: Wiliam | N52: Supervisor 02 | O52: Sob Demanda | P52: C28 | Q52: 0
A53: FC062 | B53: CENÁRIO DA MONTANHA - CONDOMINIO | C53: 41.367.298/0001-50 | D53: Robson Lepsch | E53: 24 992670751 | F53: 25745-120 | G53: Estrada Philuvio Cerqueira Rodrigues | H53: 2200 | I53: — | J53: Itaipava | K53: Petrópolis | L53: RJ | M53: Wiliam | N53: Supervisor 02 | O53: Semanal | P53: A03 | Q53: 46320.64
A54: FC063 | B54: DELLA LUCE | C54: SEM CONTRATO | D54: Paulo Roberto | E54: 24 98835-8807 | F54: 25750-226 | G54: Estrada União e Indústria | H54: 10755 | I54: — | J54: Itaipava | K54: Petrópolis | L54: RJ | M54: Wiliam | N54: Supervisor 02 | O54: Sob Demanda | P54: C15 | Q54: 759
A55: FC064 | B55: ÓTICA ZEISS - ITAIPAVA | C55: 47.924.382/0001-03 | D55: Carlos Alberto Lima da Silva | E55: 24 99259-5083 | F55: 25750-226 | G55: Estrada União e Indústria | H55: 10273 | I55: — | J55: Itaipava | K55: Petrópolis | L55: RJ | M55: Brenda | N55: Coordenador ADM | O55: Sob Demanda | P55: C22 | Q55: 247.53
A56: FC066 | B56: BARÃO DE QUARTIN - CONDOMINIO | C56: 36.537.181/0001-37 | D56: Magno Knibel | E56: 24 98827-4996 | F56: 25610-320 | G56: Rua da Imperatriz | H56: 222 | I56: — | J56: Centro | K56: Petrópolis | L56: RJ | M56: Wiliam | N56: Supervisor 02 | O56: Quinzenal | P56: B08 | Q56: 4852.44
A57: FC068 | B57: AL PROFI | C57: SEM CONTRATO | D57: Raquel | E57: 24 988235609 | F57: 25650-130 | G57: Rua General Rondon | H57: 1237 | I57: — | J57: Quitandinha | K57: Petrópolis | L57: RJ | M57: Brenda | N57: Coordenador ADM | O57: Sob Demanda | P57: C18 | Q57: 538.21
A58: FC069 | B58: SUMMIT VALPARAISO | C58: 62.689.223/0001-65 | D58: Renata Fialho | E58: 11 97696-7630 | F58: 25615-130 | G58: Rua São Norberto | H58: 59 | I58: — | J58: Valparaíso | K58: Petrópolis | L58: RJ | M58: Brenda | N58: Coordenador ADM | O58: Bimestral | P58: C03 | Q58: 3160.77
A59: FC074 | B59: IGREJA ATITUDE | C59: 04.121.485/0001-22 | D59: Wilberton | E59: 24 99211-1935 | F59: 25615-410 | G59: Rua Quissamã | H59: 777 | I59: — | J59: Quissamã | K59: Petrópolis | L59: RJ | M59: Wiliam | N59: Supervisor 02 | O59: Quinzenal | P59: B04 | Q59: 8760.69
A60: FC075 | B60: GUANAPACK | C60: 11.790.941/0001-92 | D60: Rayane Corrêa | E60: 24 99259-6618 | F60: 25804-260 | G60: Rua Isaltino Silveira | H60: S/N | I60: 1188 e 1322 | J60: Centro | K60: Três Rios | L60: RJ | M60: Bernardo | N60: Supervisor 01 | O60: Mensal | P60: B03 | Q60: 10572.91
A61: FC076 | B61: BYD VEICULOS | C61: 52.728.666/0004-07 | D61: Handerson | E61: 24 99230-3506 | F61: 25625-180 | G61: Rua Afrânio Melo Franco | H61: — | I61: — | J61: Quitandinha | K61: Petrópolis | L61: RJ | M61: Wiliam | N61: Supervisor 02 | O61: Sob Demanda | P61: C21 | Q61: 365
A62: FC077 | B62: MASSAS CARNEIRO | C62: 28.804.490/0001-06 | D62: Roberta | E62: 24 99946-3056 | F62: 25645-010 | G62: Estrada da Saudade | H62: 2500 | I62: — | J62: Estrada da Saudade | K62: Petrópolis | L62: RJ | M62: Wiliam | N62: Supervisor 02 | O62: Quinzenal | P62: B07 | Q62: 5191.84
A63: MC003 | B63: COL - CENTRO-OESTE LOGÍSTICA | C63: 10.307.895/0001-65 | D63: Andrea | E63: 24 98812-9363 | F63: 25745-630 | G63: Rodovia BR-040 | H63: 56750 | I63: Área C | J63: Itaipava | K63: Petrópolis | L63: RJ | M63: Bernardo | N63: Supervisor 01 | O63: Quinzenal | P63: A07 | Q63: 22976.98
A64: MC004 | B64: FAZENDA | C64: 73.410.326/0007-56 | D64: Almir | E64: 15 99126-0621 | F64: 25755-320 | G64: Estrada Retiro das Pedras | H64: 4000 | J64: Retiro das Pedras | K64: Petrópolis | L64: RJ | M64: Bernardo | N64: Supervisor 01 | O64: Quinzenal | P64: A06 | Q64: 23702.97
A65: MC005 | B65: IGREJA ADVENTISTA DO SETIMO DIA | C65: 30.097.554/0172-76 | D65: Jurair | E65: 24 98880-3918 | G65: Rua Gregorio Cruzick | H65: 4 | J65: Itamaraty | K65: Petrópolis | L65: RJ | M65: Wiliam | N65: Supervisor 02 | O65: Sob Demanda | P65: C14 | Q65: 804.23
A66: MC006 | B66: CORREIOS TERESÓPOLIS | C66: 34.028.316/0002-94 | D66: Milena | E66: 21 99209-3270 | K66: Teresópolis | L66: RJ | M66: Bernardo | N66: Supervisor 01 | O66: Mensal | P66: C12 | Q66: 1485

Sheet Postos IA
A1: CODIGO | B1: COD CLIENTE | C1: CATEGORIA DE POSTO | D1: TURNO | E1: TIPO ESCALA | F1: QUANT. | G1: HORAS DIÁRIAS | H1: exigencia_nr32 | I1: exigencia_nr35 | J1: CESTA BASICA | K1: INSALUB / PERICULOSIDADE | L1: FERIADOS | M1: DESCRIÇÃO DA ESCALA - dia da semana + horario
A2: FC001 - LD-C/U | B2: FC001 | C2: LIMPADOR | D2: DIURNO | E2: C - menos de 44h | F2: UNICO | G2: 1 | H2: N/A | I2: N/A | J2: Roteiro ou Contagem | K2: N/A | L2: SEM COBERT | M2: Seg, Qua e Sex - 09:00 às 18:00 - Intervalo: 13h - 14h - Pausa: N/A - Folga: N/A
A3: FC003 - LD-C/U | B3: FC003 | C3: LIMPADOR | D3: DIURNO | E3: C - menos de 44h | F3: UNICO | G3: 0.33333333 | H3: N/A | I3: N/A | J3: Roteiro ou Contagem | K3: N/A | L3: COB CONTRATO | M3: Ter e Qui - 07:30 às 11:30 - Intervalo: N/A - Pausa: N/A - Folga: N/A
A4: FC004 - PD-C/U | B4: FC004 | C4: PORTEIRO | D4: DIURNO | E4: C - menos de 44h | F4: UNICO | G4: 0.54166667 | H4: N/A | I4: N/A | J4: Roteiro ou Contagem | K4: N/A | L4: COB CONTRATO | M4: Dom - 09:00 às 22:00 - Intervalo: 13h - 14h - Pausa: 17h - 17h15 - Folga: 7º Dom
A5: FC004 - PN-B/U | B5: FC004 | C5: PORTEIRO | D5: NOTURNO | E5: B - 44 horas | F5: UNICO | G5: 1.8333333 | H5: N/A | I5: N/A | J5: Cesta Gd | K5: N/A | L5: COB CONTRATO | M5: Seg à Dom - 22:00 às 06:20 - intervalo: 02h - 03h - Pausa: N/A - Folga: Quintas e 4º Dom
A6: FC004 - PN-C/1 | B6: FC004 | C6: PORTEIRO | D6: NOTURNO | E6: C - menos de 44h | F6: 1 | G6: 0.30555556 | H6: N/A | I6: N/A | J6: Roteiro ou Contagem | K6: N/A | L6: COB CONTRATO | M6: Quintas - 22:00 às 06:20 - intervalo: 02h - 03h - Pausa: N/A - Folga: N/A
A7: FC008 - LD-B/U | B7: FC008 | C7: LIMPADOR | D7: DIURNO | E7: B - 44 horas | F7: UNICO | G7: 1.8333333 | H7: N/A | I7: N/A | J7: Cesta Gd | K7: N/A | L7: SEM COBERT | M7: Seg à Sex - 07:30 às 16:30 / Sáb - 07:30 às 11:30 - Intervalo: 12h - 13h - Pausa: N/A - Folga: Domingos
A8: FC008 - PD-C/1 | B8: FC008 | C8: PORTEIRO | D8: DIURNO | E8: C - menos de 44h | F8: 1 | G8: 0.5 | H8: N/A | I8: N/A | J8: Roteiro ou Contagem | K8: N/A | L8: COB CONTRATO | M8: Dom - 07:00 às 19:00 - Intervalo: 11h - 12h - Pausa: 16h - 16h15 - Folga: 7º Dom
A9: FC008 - PD-C/2 | B9: FC008 | C9: PORTEIRO | D9: DIURNO | E9: C - menos de 44h | F9: 2 | G9: 1.6666667 | H9: N/A | I9: N/A | J9: Roteiro ou Contagem | K9: N/A | L9: COB CONTRATO | M9: Seg à Sex - 09:00 às 18:00 - Intervalo: 13h - 14h - Pausa: N/A - Folga: Sáb, Dom e Fer
A10: FC008 - PN-C/U | B10: FC008 | C10: PORTEIRO | D10: NOTURNO | E10: C - menos de 44h | F10: UNICO | G10: 1.0416667 | H10: N/A | I10: N/A | J10: Cesta Pq | K10: N/A | L10: COB CONTRATO | M10: Sáb - 18:00 às 07:00 / Dom e Feriados - 19:00 às 07:00 - Intervalo: 22h - 23h - Pausa: 03h - 03h15 - Folga: N/A
A11: FC009a - LD-C/1 | B11: FC009a | C11: LIMPADOR | D11: DIURNO | E11: C - menos de 44h | F11: 1 | G11: 0.41666667 | H11: NR32 | I11: N/A | J11: Roteiro ou Contagem | K11: 0.2 | L11: SEM COBERT | M11: Seg à Sex - 14:00 às 16:00 - Intervalo: N/A - Pausa: N/A - Folga: N/A
A12: FC009a - LD-C/2 | B12: FC009a | C12: LIMPADOR | D12: DIURNO | E12: C - menos de 44h | F12: 2 | G12: 0.083333333 | H12: NR32 | I12: N/A | J12: Roteiro ou Contagem | K12: 0.2 | L12: SEM COBERT | M12: Sáb - 10:00 às 12:00- Intervalo: N/A - Pausa: N/A - Folga: N/A
A13: FC009b - LD-B/U | B13: FC009b | C13: LIMPADOR | D13: DIURNO | E13: B - 44 horas | F13: UNICO | G13: 1.8333333 | H13: NR32 | I13: N/A | J13: Cesta Gd | K13: 0.2 | L13: SEM COBERT | M13: Seg à Sex - 07:00 às 16:00 / Sáb - 07:00 às 11:00 - Intervalo: 12h - 13h - Pausa: N/A - Folga: Domingos
A14: FC009c - LD-C/1 | B14: FC009c | C14: LIMPADOR | D14: DIURNO | E14: C - menos de 44h | F14: 1 | G14: 0.41666667 | H14: NR32 | I14: N/A | J14: Roteiro ou Contagem | K14: 0.2 | L14: SEM COBERT | M14: Seg à Sex - 13:45 às 15:45 - Intervalo: N/A - Pausa: N/A - Folga: N/A
A15: FC009c - LD-C/2 | B15: FC009c | C15: LIMPADOR | D15: DIURNO | E15: C - menos de 44h | F15: 2 | G15: 0.083333333 | H15: NR32 | I15: N/A | J15: Roteiro ou Contagem | K15: 0.2 | L15: SEM COBERT | M15: Sáb - 09:00 às 11:00 - Intervalo: N/A - Pausa: N/A - Folga: N/A
A16: FC009d - LD-C/U | B16: FC009d | C16: LIMPADOR | D16: DIURNO | E16: C - menos de 44h | F16: UNICO | G16: 1.40625 | H16: NR32 | I16: N/A | J16: Roteiro ou Contagem | K16: 0.2 | L16: SEM COBERT | M16: Seg à Sáb - 06:30 às 11:30 - Intervalo: N/A - Pausa: N/A - Folga: N/A
A17: FC009e - LD-B/1 | B17: FC009e | C17: LIMPADOR | D17: DIURNO | E17: B - 44 horas | F17: 1 | G17: 1.8333333 | H17: NR32 | I17: N/A | J17: Cesta Gd | K17: 0.2 | L17: SEM COBERT | M17: Seg à Sex - 06:30 às 15:30 / Sáb - 07:00 às 11:00 - Intervalo: 11:00 - 12:00 - Pausa: N/A - Folga: Dom e Fer
A18: FC009e - LD-B/2 | B18: FC009e | C18: LIMPADOR | D18: DIURNO | E18: B - 44 horas | F18: 2 | G18: 1.8333333 | H18: NR32 | I18: N/A | J18: Cesta Gd | K18: 0.2 | L18: SEM COBERT | M18: Seg à Sex 08:00 ás 17:00 / Sáb 08:00 às 12:00 - Intervalo 13:00 -14:00 - Pausa N/A - Folga: Dom e Fer
A19: FC009f - LD-C/U | B19: FC009f | C19: LIMPADOR | D19: DIURNO | E19: C - menos de 44h | F19: UNICO | G19: 1.8333333 | H19: NR32 | I19: N/A | J19: Vale Refeição | K19: 0.2 | L19: SEM COBERT | M19: Seg à Sáb - 07:00 às 12:00 - Intervalo: N/A - Pausa: N/A - Folga: Domingos
A20: FC009g - LD-B/U | B20: FC009g | C20: LIMPADOR | D20: DIURNO | E20: B - 44 horas | F20: UNICO | G20: 1.8333333 | H20: NR32 | I20: N/A | J20: Vale Refeição | K20: 0.2 | L20: SEM COBERT | M20: Seg à Qui - 07:00 às 16:00 / Sex - 07:00 às 15:00 / Sáb - 07:00 às 12:00 - Intervalo: 11h - 12h - Pausa: N/A - Folga: Domingos
A21: FC009h - LD-C/U | B21: FC009h | C21: LIMPADOR | D21: DIURNO | E21: C - menos de 44h | F21: UNICO | G21: 0.91666667 | H21: NR32 | I21: N/A | J21: Cesta Pq | K21: 0.2 | L21: SEM COBERT | M21: Seg à Sex - 07:00 às 11:00 / Sáb - 08:00 às 10:00 - Intervalo: N/A - Pausa: N/A - Folga: Domingo
A22: FC009i - LD-C/U | B22: FC009i | C22: LIMPADOR | D22: DIURNO | E22: C - menos de 44h | F22: UNICO | G22: 1.25 | H22: NR32 | I22: N/A | J22: Cesta Pq | K22: 0.2 | L22: SEM COBERT | M22: Seg à Sáb - 07:00 às 12:00 - Intervalo: N/A - Pausa: N/A - Folga: Domingo
A23: FC009j - LD-B/U | B23: FC009j | C23: LIMPADOR | D23: DIURNO | E23: B - 44 horas | F23: UNICO | G23: 1.8333333 | H23: NR32 | I23: N/A | J23: Cesta Gd | K23: 0.2 | L23: SEM COBERT | M23: Seg à Qui - 06:30 às 15:30 / Sex - 06:30 às 14:30 / Sáb - 07:00 às 12:00 - Intervalo: 12h - 13h - Pausa: N/A - Folga: Domingos
A24: FC009k - LD-C/U | B24: FC009k | C24: LIMPADOR | D24: DIURNO | E24: C - menos de 44h | F24: UNICO | G24: 1.25 | H24: NR32 | I24: N/A | J24: Cesta Pq | K24: 0.2 | L24: SEM COBERT | M24: Seg à Sáb - 07:00 às 12:00 - Intervalo: N/A - Pausa: N/A - Folga: Domingo
A25: FC009l - LD-C/U | B25: FC009l | C25: LIMPADOR | D25: DIURNO | E25: C - menos de 44h | F25: UNICO | G25: 1.0416667 | H25: NR32 | I25: N/A | J25: Cesta Pq | K25: 0.2 | L25: SEM COBERT | M25: Seg à Sex - 07:00 às 12:00 - Intervalo: N/A - Pausa: N/A - Folga: Sab e Dom
A26: FC009m - LD-C/1 | B26: FC009m | C26: LIMPADOR | D26: DIURNO | E26: C - menos de 44h | F26: 1 | G26: 0.70833333 | H26: NR32 | I26: N/A | J26: Roteiro ou Contagem | K26: 0.2 | L26: SEM COBERT | M26: Seg, Qua e Sex - 07:00 às 13:00 - Intervalo: N/A - Pausa: N/A - Folga: N/A
A27: FC009m - LD-C/2 | B27: FC009m | C27: LIMPADOR | D27: DIURNO | E27: C - menos de 44h | F27: 2 | G27: 0.5 | H27: N/A | I27: N/A | J27: Roteiro ou Contagem | K27: 0.2 | L27: SEM COBERT | M27: Ter e Qui - 07:00 às 11:00 - Intervalo: N/A - Pausa: N/A - Folga: N/A
A28: FC009m - LD-C/3 | B28: FC009m | C28: LIMPADOR | D28: DIURNO | E28: C - menos de 44h | F28: 3 | G28: 0.20833333 | H28: N/A | I28: N/A | J28: Roteiro ou Contagem | K28: 0.2 | L28: SEM COBERT | M28: Sáb - 07:00 às 12:00 - Intervalo: N/A - Pausa: N/A - Folga: N/A
A29: FC009n - LD-C/U | B29: FC009n | C29: LIMPADOR | D29: DIURNO | E29: C - menos de 44h | F29: UNICO | G29: 1.25 | H29: NR32 | I29: N/A | J29: Cesta Pq | K29: 0.2 | L29: SEM COBERT | M29: Seg à Sáb - 07:00 às 12:00 - Intervalo: N/A - Pausa: N/A - Folga: Domingo
A30: FC009o - LD-C/U | B30: FC009o | C30: LIMPADOR | D30: DIURNO | E30: C - menos de 44h | F30: UNICO | G30: 1.25 | H30: NR32 | I30: N/A | J30: Cesta Pq | K30: 0.2 | L30: SEM COBERT | M30: Seg à Sáb - 07:00 às 12:00 - Intervalo: N/A - Pausa: N/A - Folga: Domingos
A31: FC009p - LD-B/U | B31: FC009p | C31: LIMPADOR | D31: DIURNO | E31: B - 44 horas | F31: UNICO | G31: 1.8333333 | H31: NR32 | I31: N/A | J31: Cesta Gd | K31: 0.2 | L31: COB EXTRA | M31: Seg à Sáb - 07:00 às 15:20 - Intervalo: 11h - 12h - Pausa: N/A - Folga: Domingos
A32: FC009q - LD-B/U | B32: FC009q | C32: LIMPADOR | D32: DIURNO | E32: B - 44 horas | F32: UNICO | G32: 1.8333333 | H32: NR32 | I32: N/A | J32: Cesta Gd | K32: 0.2 | L32: SEM COBERT | M32: Seg à Sex - 07:00 às 16:00 / Sáb - 07:00 às 11:00 - Intervalo:12:00 às 13:00 - Pausa: N/A - Folga: Domingo
A33: FC009r - LD-C/U | B33: FC009r | C33: LIMPADOR | D33: DIURNO | E33: C - menos de 44h | F33: UNICO | G33: 1.2708333 | H33: NR32 | I33: N/A | J33: Cesta Pq | K33: 0.2 | L33: SEM COBERT | M33: Seg à Sáb - 07:00 às 12:00 - Intervalo: N/A - Pausa: N/A - Folga: Domingo
A34: FC009s - LD-C/U | B34: FC009s | C34: LIMPADOR | D34: DIURNO | E34: C - menos de 44h | F34: UNICO | G34: 1.2083333 | H34: N/A | I34: N/A | J34: Cesta Gd | K34: 0.2 | L34: SEM COBERT | M34: Seg, Qua e Sex 07:00 às 11:00, Ter e Qui 07:00 às 13:00 e Sáb 07:00 às 12:00 - Intervalo: N/A - Pausa: N/A - Folga: Dom
A35: FC009t - LD-B/U | B35: FC009t | C35: LIMPADOR | D35: DIURNO | E35: B - 44 horas | F35: UNICO | G35: 1.8333333 | H35: NR32 | I35: N/A | J35: Cesta Gd | K35: 0.2 | L35: SEM COBERT | M35: Seg à Qui - 06:30 às 15:30 / Sex - 06:30 às 14:30 / Sáb - 07:00 às 12:00 - Intervalo: 12h - 13h - Pausa: N/A - Folga: Domingos
A36: FC009u - LD-C/U | B36: FC009u | C36: LIMPADOR | D36: DIURNO | E36: C - menos de 44h | F36: UNICO | G36: 1.25 | H36: NR32 | I36: N/A | J36: Cesta Pq | K36: 0.2 | L36: SEM COBERT | M36: Seg à Sáb - 07:00 às 12:00 - Intervalo: N/A - Pausa: N/A - Folga: Domingo
A37: FC010 - LD-C/1 | B37: FC010 | C37: LIMPADOR | D37: DIURNO | E37: C - menos de 44h | F37: 1 | G37: 0.64583333 | H37: N/A | I37: N/A | J37: Roteiro ou Contagem | K37: N/A | L37: SEM COBERT | M37: Seg, Qua e Sex - 12:00 às 16:00 - Intervalo: N/A - Pausa: N/A - Folga: N/A
A38: FC010 - LD-C/2 | B38: FC010 | C38: LIMPADOR | D38: DIURNO | E38: C - menos de 44h | F38: 2 | G38: 0.33333333 | H38: N/A | I38: N/A | J38: Roteiro ou Contagem | K38: N/A | L38: SEM COBERT | M38: Ter e Qui - 12:00 às 16:00 - Intervalo: N/A - Pausa: N/A - Folga: N/A
A39: FC011 - LD-B/1 | B39: FC011 | C39: LIMPADOR | D39: DIURNO | E39: B - 44 horas | F39: 1 | G39: 1.8333333 | H39: N/A | I39: N/A | J39: Cesta Gd | K39: N/A | L39: COMPENSAÇÃO | M39: Seg à Dom - 08:00 às 16:20 - Intervalo: 12h - 13h - Pausa: N/A - Folga: Sáb e Dom alternado
A40: FC011 - LD-B/2 | B40: FC011 | C40: LIMPADOR | D40: DIURNO | E40: B - 44 horas | F40: 2 | G40: 1.8333333 | H40: N/A | I40: N/A | J40: Cesta Gd | K40: N/A | L40: COMPENSAÇÃO | M40: Seg à Dom - 08:00 às 16:20 - Intervalo: 12h - 13h - Pausa: N/A - Folga: Sáb e Dom alternado
A41: FC011 - LD-B/3 | B41: FC011 | C41: LIMPADOR | D41: DIURNO | E41: B - 44 horas | F41: 3 | G41: 1.8333333 | H41: N/A | I41: N/A | J41: Cesta Gd | K41: N/A | L41: COMPENSAÇÃO | M41: Seg à Dom - 08:00 às 16:20 - Intervalo: 12h - 13h - Pausa: N/A - Folga: Sáb e Dom alternado
A42: FC011 - LD-B/4 | B42: FC011 | C42: LIMPADOR | D42: DIURNO | E42: B - 44 horas | F42: 4 | G42: 1.8333333 | H42: N/A | I42: N/A | J42: Cesta Gd | K42: N/A | L42: COMPENSAÇÃO | M42: Seg à Dom - 08:00 às 16:20 - Intervalo: 12h - 13h - Pausa: N/A - Folga: Sáb e Dom alternado
A43: FC014 - LD-C/1 | B43: FC014 | C43: LIMPADOR | D43: DIURNO | E43: C - menos de 44h | F43: 1 | G43: 0.58333333 | H43: N/A | I43: N/A | J43: Roteiro ou Contagem | K43: N/A | L43: SEM COBERT | M43: Seg, Qua, Qui e Sex: 08:00 às 11:30 - Intervalo: N/A - Pausa: N/A - Folga: Sáb e Dom
A44: FC014 - LD-C/2 | B44: FC014 | C44: LIMPADOR | D44: DIURNO | E44: C - menos de 44h | F44: 2 | G44: 0.33333333 | H44: N/A | I44: N/A | J44: Roteiro ou Contagem | K44: N/A | L44: SEM COBERT | M44: Ter: 08:00 às 11:30 / Sáb 08:00 às 12:30 - Intervalo: N/A - Pausa: N/A - Folga: Dom
A45: FC016 - LD-C/1 | B45: FC016 | C45: LIMPADOR | D45: DIURNO | E45: C - menos de 44h | F45: 1 | G45: 0.33333333 | H45: N/A | I45: N/A | J45: Roteiro ou Contagem | K45: N/A | L45: SEM COBERT | M45: Seg e Qui - 08:00 às 12:00 - Intervalo: N/A - Pausa: N/A - Folga: N/A
A46: FC016 - MD-C/2 | B46: FC016 | C46: MANUTENCIONISTA | D46: DIURNO | E46: C - menos de 44h | F46: 2 | G46: 0.20833333 | H46: N/A | I46: N/A | J46: Roteiro ou Contagem | K46: N/A | L46: SEM COBERT | M46: Qui - 08:00 às 12:00 - Intervalo: N/A - Pausa: N/A - Folga: N/A
A47: FC017 - LD-C/1 | B47: FC017 | C47: LIMPADOR | D47: DIURNO | E47: C - menos de 44h | F47: 1 | G47: 0.83333333 | H47: N/A | I47: N/A | J47: Roteiro ou Contagem | K47: N/A | L47: SEM COBERT | M47: Seg à Sex - 07:30 às 11:30 - Intervalo: N/A - Pausa: N/A - Folga: N/A
A48: FC017 - LD-C/2 | B48: FC017 | C48: LIMPADOR | D48: DIURNO | E48: C - menos de 44h | F48: 2 | G48: 0.16666667 | H48: N/A | I48: N/A | J48: Roteiro ou Contagem | K48: N/A | L48: SEM COBERT | M48: Sáb - 07:30 às 11:30 - Intervalo: N/A - Pausa: N/A - Folga: N/A
A49: FC018 - LD-C/U | B49: FC018 | C49: LIMPADOR | D49: DIURNO | E49: C - menos de 44h | F49: UNICO | G49: 0.125 | H49: N/A | I49: N/A | J49: Roteiro ou Contagem | K49: N/A | L49: SEM COBERT | M49: Ter - 14:00 às 17:00 - Intervalo: N/A - Pausa: N/A - Folga: N/A
A50: FC020 - LD-B/U | B50: FC020 | C50: LIMPADOR | D50: DIURNO | E50: B - 44 horas | F50: UNICO | G50: 1.8333333 | H50: N/A | I50: N/A | J50: Cesta Gd | K50: N/A | L50: COB CONTRATO | M50: Seg à Sex - 07:40 às 17:00 - Sáb e Dom Alternados - 07:40 às 17:00 - Intervalo: 12h - 14h - Pausa: N/A - Folga: Sáb e Dom Alternados
A51: FC020 - LD-C/1 | B51: FC020 | C51: LIMPADOR | D51: DIURNO | E51: C - menos de 44h | F51: 1 | G51: 0.30555556 | H51: N/A | I51: N/A | J51: Roteiro ou Contagem | K51: N/A | L51: COB CONTRATO | M51: Sáb e Dom Alternados - 07:40 às 17:00 - Intervalo: 12h - 14h - Pausa: N/A - Folga: N/A
A52: FC022 - LD-C/U | B52: FC022 | C52: LIMPADOR | D52: DIURNO | E52: C - menos de 44h | F52: UNICO | G52: 0.16666667 | H52: N/A | I52: N/A | J52: Roteiro ou Contagem | K52: N/A | L52: SEM COBERT | M52: Sex - 08:00 às 12:00 - Intervalo: N/A - Pausa: N/A - Folga: N/A
A53: FC023 - LD-B/1 | B53: FC023 | C53: LIMPADOR | D53: DIURNO | E53: B - 44 horas | F53: 1 | G53: 1.8333333 | H53: N/A | I53: N/A | J53: Cesta Gd | K53: N/A | L53: SEM COBERT | M53: Seg à Sex - 08:00 às 17:00, Sáb 08:00 às 12:00 - Intervalo: 12h - 13h - Pausa: N/A - Folga: Dom
A54: FC023 - LD-B/2 | B54: FC023 | C54: LIMPADOR | D54: DIURNO | E54: B - 44 horas | F54: 2 | G54: 1.8333333 | H54: N/A | I54: N/A | J54: Cesta Gd | K54: N/A | L54: SEM COBERT | M54: Seg à Sex - 08:00 às 17:00, Sáb 08:00 às 12:00 - Intervalo: 12h - 13h - Pausa: N/A - Folga: Dom
A55: FC023 - PD-A/1 | B55: FC023 | C55: PORTEIRO | D55: DIURNO | E55: A - 12 por 36 | F55: 1 | G55: 1.8333333 | H55: N/A | I55: N/A | J55: Cesta Gd | K55: N/A | L55: COB ESCALA | M55: 12 por 36 - 08:00 às 20:00 - Intervalo: 00h - 01h - Pausa: 04h - 04h15 - Folga: N/A
A56: FC023 - PD-A/2 | B56: FC023 | C56: PORTEIRO | D56: DIURNO | E56: A - 12 por 36 | F56: 2 | G56: 1.8333333 | H56: N/A | I56: N/A | J56: Cesta Gd | K56: N/A | L56: COB ESCALA | M56: 12 por 36 - 08:00 às 20:00 - Intervalo: 00h - 01h - Pausa: 04h - 04h15 - Folga: N/A
A57: FC023 - PN-A/1 | B57: FC023 | C57: PORTEIRO | D57: NOTURNO | E57: A - 12 por 36 | F57: 1 | G57: 1.8333333 | H57: N/A | I57: N/A | J57: Cesta Gd | K57: N/A | L57: COB ESCALA | M57: 12 por 36 - 20:00 às 08:00 - Intervalo: 00h - 01h - Pausa: 04h - 04h15 - Folga: N/A
A58: FC023 - PN-A/2 | B58: FC023 | C58: PORTEIRO | D58: NOTURNO | E58: A - 12 por 36 | F58: 2 | G58: 1.8333333 | H58: N/A | I58: N/A | J58: Cesta Gd | K58: N/A | L58: COB ESCALA | M58: 12 por 36 - 20:00 às 08:00 - Intervalo: 00h - 01h - Pausa: 04h - 04h15 - Folga: N/A
A59: FC024 - LD-C/U | B59: FC024 | C59: LIMPADOR | D59: DIURNO | E59: C - menos de 44h | F59: UNICO | G59: 1 | H59: N/A | I59: N/A | J59: Cesta Pq | K59: N/A | L59: SEM COBERT | M59: Seg, Qua e Sex - 08:00 às 17:00 - Intervalo: 12h - 13h - Pausa: N/A - Folga: N/A
A60: FC032 - LD-C/U | B60: FC032 | C60: LIMPADOR | D60: DIURNO | E60: C - menos de 44h | F60: UNICO | G60: 0.40625 | H60: NR32 | I60: N/A | J60: Roteiro ou Contagem | K60: 0.2 | L60: SEM COBERT | M60: Seg, Qua e Sex - 08:30 às 11:30 - Intervalo: N/A - Pausa: N/A - Folga: Dom e Fer
A61: FC033 - LD-C/U | B61: FC033 | C61: LIMPADOR | D61: DIURNO | E61: C - menos de 44h | F61: UNICO | G61: 0.25 | H61: N/A | I61: N/A | J61: Roteiro ou Contagem | K61: N/A | L61: SEM COBERT | M61: Seg a Sex- 13:10 às 14:10 - Intervalo: N/A - Pausa: N/A - Folga: N/A
A62: FC034 - LD-C/U | B62: FC034 | C62: LIMPADOR | D62: DIURNO | E62: C - menos de 44h | F62: UNICO | G62: 0.16666667 | H62: N/A | I62: N/A | J62: Roteiro ou Contagem | K62: N/A | L62: SEM COBERT | M62: Qui - 09:00 às 13:00 - Intervalo: N/A - Pausa: N/A - Folga: N/A
A63: FC038 - PM-B/U | B63: FC038 | C63: PORTEIRO | D63: MISTO | E63: B - 44 horas | F63: UNICO | G63: 1.8333333 | H63: N/A | I63: N/A | J63: Cesta Gd | K63: N/A | L63: COB CONTRATO | M63: Seg à Qui - 21:00 às 05:20 - Intervalo: 1h - 2h - Sáb e Dom 09:00 às 21:00 - Intervalo: 1h - 2h - Pausa: N/A - Folga: Sex e 2º Dom -
A64: FC038 - PN-C/U | B64: FC038 | C64: PORTEIRO | D64: NOTURNO | E64: C - menos de 44h | F64: UNICO | G64: 1 | H64: N/A | I64: N/A | J64: Cesta Pq | K64: N/A | L64: COB CONTRATO | M64: Sex e Sáb - 21:00 às 09:00 - Intervalo: 01h - 02h / Dom - 21:00 às 05:20 - Intervalo: 1h - 2h - Pausa: N/A - Folga: N/A
A65: FC041 - JD-C/U | B65: FC041 | C65: JARDINEIRO | D65: DIURNO | E65: C - menos de 44h | F65: UNICO | G65: 0.16666667 | H65: N/A | I65: N/A | J65: Roteiro ou Contagem | K65: N/A | L65: SEM COBERT | M65: 2ª e 4ª Ter - 08:00 às 17:00 - Intervalo: 12h - 13h - Pausa: N/A - Folga: N/A
A66: FC041 - LD-C/U | B66: FC041 | C66: LIMPADOR | D66: DIURNO | E66: C - menos de 44h | F66: UNICO | G66: 0.083333333 | H66: N/A | I66: N/A | J66: Roteiro ou Contagem | K66: N/A | L66: SEM COBERT | M66: 1ª e 3ª Qua - 08:00 às 12:00 - Intervalo: N/A - Pausa: N/A - Folga: N/A
A67: FC042 - LD-C/U | B67: FC042 | C67: LIMPADOR | D67: DIURNO | E67: C - menos de 44h | F67: UNICO | G67: 0.16666667 | H67: N/A | I67: N/A | J67: Roteiro ou Contagem | K67: N/A | L67: SEM COBERT | M67: Seg - 08:00 às 11:00 - Intervalo: N/A - Pausa: N/A - Folga: N/A
A68: FC045 - LD-B/1 | B68: FC045 | C68: LIMPADOR | D68: DIURNO | E68: B - 44 horas | F68: 1 | G68: 1.8333333 | H68: N/A | I68: N/A | J68: Cesta Gd | K68: N/A | L68: COMPENSAÇÃO | M68: Seg à Sáb - 09:00 às 17:20 - Intervalo: 12h - 13h - Pausa: N/A - Folga: Folga Sáb e Dom Alternado
A69: FC045 - LD-B/2 | B69: FC045 | C69: LIMPADOR | D69: DIURNO | E69: B - 44 horas | F69: 2 | G69: 1.8333333 | H69: N/A | I69: N/A | J69: Cesta Gd | K69: N/A | L69: COMPENSAÇÃO | M69: Seg à Sáb - 09:00 às 17:20 - Intervalo: 12h - 13h - Pausa: N/A - Folga: Folga Sáb e Dom Alternado
A70: FC045 - LD-B/3 | B70: FC045 | C70: LIMPADOR | D70: DIURNO | E70: B - 44 horas | F70: 3 | G70: 1.8333333 | H70: N/A | I70: N/A | J70: Cesta Gd | K70: N/A | L70: COMPENSAÇÃO | M70: Seg à Sáb - 09:00 às 17:20 - Intervalo: 13h - 14h - Pausa: N/A - Folga: Folga Sáb e Dom Alternado
A71: FC045 - LD-B/4 | B71: FC045 | C71: LIMPADOR | D71: DIURNO | E71: B - 44 horas | F71: 4 | G71: 1.8333333 | H71: N/A | I71: N/A | J71: Cesta Gd | K71: N/A | L71: COMPENSAÇÃO | M71: Seg a Sáb - 09:00 às 17:20 - Intervalo: 13h - 14h - Pausa: N/A - Folga: Folga Sáb e Dom Alternado
A72: FC045 - MD-B/1 | B72: FC045 | C72: MANUTENCIONISTA | D72: DIURNO | E72: B - 44 horas | F72: 1 | G72: 1.8333333 | H72: NR35 | I72: NR35 | J72: Cesta Gd | K72: N/A | L72: COB EXTRA | M72: Seg à Sáb - 09:00 às 17:20 - Intervalo: 13h - 14h - Pausa: N/A - Folga: Domingos
A73: FC045 - MD-B/2 | B73: FC045 | C73: MANUTENCIONISTA | D73: DIURNO | E73: B - 44 horas | F73: 2 | G73: 1.8333333 | H73: N/A | I73: N/A | J73: Cesta Gd | K73: N/A | L73: COB EXTRA | M73: Seg à Sex - 09:00 às 18:00 / Sáb - 09:00 às 13:00 - Intervalo: 13h - 14h - Pausa: N/A - Folga: Domingos
A74: FC045 - PD-A/1 | B74: FC045 | C74: PORTEIRO | D74: DIURNO | E74: A - 12 por 36 | F74: 1 | G74: 1.8333333 | H74: N/A | I74: N/A | J74: Vale Refeição | K74: N/A | L74: COB ESCALA | M74: 12 por 36 - 08:00 às 20:00 - Intervalo: 12h - 13h - Pausa: 16h - 16h15 - Folga: N/A
A75: FC045 - PD-A/2 | B75: FC045 | C75: PORTEIRO | D75: DIURNO | E75: A - 12 por 36 | F75: 2 | G75: 1.8333333 | H75: N/A | I75: N/A | J75: Vale Refeição | K75: N/A | L75: COB ESCALA | M75: 12 por 36 - 08:00 às 20:00 - Intervalo: 12h - 13h - Pausa: 16h - 16h15 - Folga: N/A
A76: FC045 - PD-A/3 | B76: FC045 | C76: PORTEIRO | D76: DIURNO | E76: A - 12 por 36 | F76: 3 | G76: 1.8333333 | H76: N/A | I76: N/A | J76: Vale Refeição | K76: N/A | L76: COB ESCALA | M76: 12 por 36 - 08:00 às 20:00 - Intervalo: 12h - 13h - Pausa: 16h - 16h15 - Folga: N/A
A77: FC045 - PD-A/4 | B77: FC045 | C77: PORTEIRO | D77: DIURNO | E77: A - 12 por 36 | F77: 4 | G77: 1.8333333 | H77: N/A | I77: N/A | J77: Vale Refeição | K77: N/A | L77: COB ESCALA | M77: 12 por 36 - 08:00 às 20:00 - Intervalo: 12h - 13h - Pausa: 16h - 16h15 - Folga: N/A
A78: FC045 - PN-A/1 | B78: FC045 | C78: PORTEIRO | D78: NOTURNO | E78: A - 12 por 36 | F78: 1 | G78: 1.8333333 | H78: N/A | I78: N/A | J78: Vale Refeição | K78: N/A | L78: COB ESCALA | M78: 12 por 36 - 20:00 às 08:00 - Intervalo: 00h - 01h - Pausa: 04h - 04h15 - Folga: N/A
A79: FC045 - PN-A/2 | B79: FC045 | C79: PORTEIRO | D79: NOTURNO | E79: A - 12 por 36 | F79: 2 | G79: 1.8333333 | H79: N/A | I79: N/A | J79: Vale Refeição | K79: N/A | L79: COB ESCALA | M79: 12 por 36 - 20:00 às 08:00 - Intervalo: 00h - 01h - Pausa: 04h - 04h15 - Folga: N/A
... A81: FC045 - PN-A/4 | B81: FC045 | C81: PORTEIRO | D81: NOTURNO | E81: A - 12 por 36 | F81: 4 | G81: 1.8333333 | H81: N/A | I81: N/A | J81: Vale Refeição | K81: N/A | L81: COB ESCALA | M81: 12 por 36 - 20:00 às 08:00 - Intervalo: 00h - 01h - Pausa: 04h - 04h15 - Folga: N/A
A82: FC045 - ZELAD | B82: FC045 | C82: ZELAD | D82: DIURNO | E82: B - 44 horas | F82: UNICO | G82: 1.8333333 | H82: N/A | I82: N/A | J82: Cesta Gd | K82: N/A | L82: COB EXTRA | M82: Seg à Sex - 09:00 às 18:00 / Sáb - 09:00 às 13:00 - Intervalo: 13h - 14h - Pausa: N/A - Folga: Domingos
A83: FC047 - LD-C/U | B83: FC047 | C83: LIMPADOR | D83: DIURNO | E83: C - menos de 44h | F83: UNICO | G83: 0.83333333 | H83: N/A | I83: N/A | J83: Roteiro ou Contagem | K83: N/A | L83: SEM COBERT | M83: Seg à Sex - 08:00 às 12:00 - Intervalo: N/A - Pausa: N/A - Folga: N/A
A84: FC048 - LD-B/U | B84: FC048 | C84: LIMPADOR | D84: DIURNO | E84: B - 44 horas | F84: UNICO | G84: 1.8333333 | H84: N/A | I84: N/A | J84: Cesta Gd | K84: N/A | L84: COB CONTRATO | M84: Seg à Sex - 10:00 às 18:20 / Sáb e Dom Alternados - 10:00 às 18:20 - Intervalo: 13h - 14h - Pausa: N/A - Folga: Sáb / Dom Alternados
A85: FC048 - LD-C/1 | B85: FC048 | C85: LIMPADOR | D85: DIURNO | E85: C - menos de 44h | F85: 1 | G85: 0.30555556 | H85: N/A | I85: N/A | J85: Roteiro ou Contagem | K85: N/A | L85: COB CONTRATO | M85: Sáb e Dom Alternados - 10:00 às 18:20 - Intervalo: 13h - 14h - Pausa: N/A - Folga: Escala de Feriados
A86: FC048 - LD-C/2 | B86: FC048 | C86: LIMPADOR | D86: DIURNO | E86: C - menos de 44h | F86: 2 | G86: 0.083333333 | H86: N/A | I86: N/A | J86: Roteiro ou Contagem | K86: N/A | L86: SEM COBERT | M86: Seg (Mensal) - 08:00 às 17:00 - Intervalo: 12h - 13h - Pausa: N/A - Folga: N/A
A87: FC048 - PD-A/1 | B87: FC048 | C87: PORTEIRO | D87: DIURNO | E87: A - 12 por 36 | F87: 1 | G87: 1.8333333 | H87: N/A | I87: N/A | J87: Cesta Gd | K87: N/A | L87: COB ESCALA | M87: 12 por 36 - 08:00 às 20:00 - Intervalo: 12h - 13h - Pausa: 16h - 16h15 - Folga: N/A
A88: FC048 - PD-A/2 | B88: FC048 | C88: PORTEIRO | D88: DIURNO | E88: A - 12 por 36 | F88: 2 | G88: 1.8333333 | H88: N/A | I88: N/A | J88: Cesta Gd | K88: N/A | L88: COB ESCALA | M88: 12 por 36 - 08:00 às 20:00 - Intervalo: 12h - 13h - Pausa: 16h - 16h15 - Folga: N/A
A89: FC048 - PN-A/1 | B89: FC048 | C89: PORTEIRO | D89: NOTURNO | E89: A - 12 por 36 | F89: 1 | G89: 1.8333333 | H89: N/A | I89: N/A | J89: Cesta Gd | K89: N/A | L89: COB ESCALA | M89: 12 por 36 - 20:00 às 08:00 - Intervalo: 00h - 01h - Pausa: 04h - 04h15 - Folga: N/A
A90: FC048 - PN-A/2 | B90: FC048 | C90: PORTEIRO | D90: NOTURNO | E90: A - 12 por 36 | F90: 2 | G90: 1.8333333 | H90: N/A | I90: N/A | J90: Cesta Gd | K90: N/A | L90: COB ESCALA | M90: 12 por 36 - 20:00 às 08:00 - Intervalo: 00h - 01h - Pausa: 04h - 04h15 - Folga: N/A
A91: FC050 - LD-C/U | B91: FC050 | C91: LIMPADOR | D91: DIURNO | E91: C - menos de 44h | F91: UNICO | G91: 0.85416667 | H91: N/A | I91: N/A | J91: Roteiro ou Contagem | K91: N/A | L91: SEM COBERT | M91: Seg à Sex - 08:00 às 12:00 - Intervalo: N/A - Pausa: N/A - Folga: N/A
A92: FC050 - PN-A/1 | B92: FC050 | C92: PORTEIRO | D92: NOTURNO | E92: A - 12 por 36 | F92: 1 | G92: 1.8333333 | H92: N/A | I92: N/A | J92: Cesta Gd | K92: N/A | L92: COB ESCALA | M92: 12 por 36 - 20:00 às 08:00 - Intervalo: 00h - 01h - Pausa: 04h - 04h15 - Folga: N/A
A93: FC050 - PN-A/2 | B93: FC050 | C93: PORTEIRO | D93: NOTURNO | E93: A - 12 por 36 | F93: 2 | G93: 1.8333333 | H93: N/A | I93: N/A | J93: Cesta Gd | K93: N/A | L93: COB ESCALA | M93: 12 por 36 - 20:00 às 08:00 - Intervalo: 00h - 01h - Pausa: 04h - 04h15 - Folga: N/A
A94: FC052 - LD-C/U | B94: FC052 | C94: LIMPADOR | D94: DIURNO | E94: C - menos de 44h | F94: UNICO | G94: 0.083333333 | H94: N/A | I94: N/A | J94: Roteiro ou Contagem | K94: N/A | L94: SEM COBERT | M94: Ter (Quinzenal) - 08:00 às 12:00 - Intervalo: N/A - Pausa: N/A - Folga: N/A
A95: FC053 - LD-C/U | B95: FC053 | C95: LIMPADOR | D95: DIURNO | E95: C - menos de 44h | F95: UNICO | G95: 0.083333333 | H95: N/A | I95: N/A | J95: Roteiro ou Contagem | K95: N/A | L95: SEM COBERT | M95: Ter (Quinzenal) - 08:00 às 12:00 - Intervalo: N/A - Pausa: N/A - Folga: N/A
A96: FC054 - LD-C/U | B96: FC054 | C96: LIMPADOR | D96: DIURNO | E96: C - menos de 44h | F96: UNICO | G96: 0.083333333 | H96: N/A | I96: N/A | J96: Roteiro ou Contagem | K96: N/A | L96: SEM COBERT | M96: Qui (Quinzenal) - 08:00 às 12:00 - Intervalo: N/A - Pausa: N/A - Folga: N/A
A97: FC055 - JD-C/U | B97: FC055 | C97: JARDINEIRO | D97: DIURNO | E97: C - menos de 44h | F97: UNICO | G97: 0.16666667 | H97: N/A | I97: N/A | J97: Roteiro ou Contagem | K97: N/A | L97: SEM COBERT | M97: Ter (Quinzenal) - 08:00 às 17:00 - Intervalo: 12h - 13h - Pausa: N/A - Folga: N/A
A98: FC055 - LD-C/U | B98: FC055 | C98: LIMPADOR | D98: DIURNO | E98: C - menos de 44h | F98: UNICO | G98: 0.5 | H98: N/A | I98: N/A | J98: Roteiro ou Contagem | K98: N/A | L98: SEM COBERT | M98: Seg, Qua e Sex - 08:00 às 12:00 - Intervalo: N/A - Pausa: N/A - Folga: N/A
A99: FC057 - LD-C/U | B99: FC057 | C99: LIMPADOR | D99: DIURNO | E99: C - menos de 44h | F99: UNICO | G99: 0.83333333 | H99: N/A | I99: N/A | J99: Roteiro ou Contagem | K99: N/A | L99: SEM COBERT | M99: Seg à Sex - 13:30 às 17:30 - Intervalo: N/A - Pausa: N/A - Folga: Dom e Fer
A100: FC059 - JD-C/1 | B100: FC059 | C100: JARDINEIRO | D100: DIURNO | E100: C - menos de 44h | F100: 1 | G100: 0.66666667 | H100: N/A | I100: N/A | J100: Roteiro ou Contagem | K100: N/A | L100: SEM COBERT | M100: Qua e Sex - 08:00 às 17:00 - Intervalo: 12h às 13h - Pausa: N/A - Folga: N/A
A101: FC062 - ENCAR | B101: FC062 | C101: ENCAR | D101: DIURNO | G101: 1.8333333 | H101: N/A | I101: N/A | J101: Cesta Gd | K101: N/A | L101: COB CONTRATO | M101: Seg à Dom - 07:45 às 16:35 - Intervalo: 11:30h - 13h - Pausa: N/A - Folga: Sáb e Dom alternado
...

Sheet Funcionarios IA
A1: Matrc | B1: nome | C1: telefone_principal | D1: is_whatsapp | E1: telefone_secundario | F1: Carteira de Trabalho | G1: CPF | H1: Nível de Atuação | I1: turno | J1: tipo de escala | K1: cep | L1: logradouro | M1: numero | N1: bairro | O1: cidade | P1: uf | Q1: status_cadastro | R1: Vencimento Férias | S1: tipo_contratacao | T1: horas_contratadas | U1: categoria_cargo | V1: situacao_afastamento | W1: data_exame_admissional_aso | X1: data_retorno_aso | Y1: data_integracao | Z1: Admissão | AA1: Prazo Experiência | AB1: Vencimento Férias | AC1: possui_nr32 | AD1: vencimento_nr32
A2: AG0477 | B2: ADRIANA DE FATIMA DE JESUS | C2: (24) 992071404 | F2: 01195073/05770 - RJ | G2: 11950735770 | H2: Operacional | J2: 6x1 | K2: 25715-410 | L2: SERVIDÃO SEBASTIÃO PLACIDINO DE CARVALHO | M2: 34 | N2: VALE DO CARANGOLA | O2: Petrópolis | P2: RJ | Q2: ativo | R2: 46177 | S2: Mensalista | T2: 1.8333333 | U2: Limpador | V2: Disponivel | X2: 46324 | Z2: 41065 | AB2: 46177
A3: FC0277 | B3: ADRIANA DE JESUS BRITO | C3: (24) 99335-0097 | F3: 01016730/03732 - RJ | G3: 10167303732 | H3: Operacional | J3: 6x1 | K3: 25715-300 | L3: RUA MANOEL LUIZ FERREIRA | M3: 0 | N3: CARANGOLA | O3: Petrópolis | P3: RJ | Q3: ativo | R3: 46482 | S3: Mensalista | T3: 1.8333333 | U3: Limpador | V3: Disponivel | X3: 46478 | Z3: 46118 | AB3: 46482
A4: AG0840 | B4: ALESSANDRA DE ASSUMPÇÃO CHAVES | C4: (21) 986029413 | E4: (21) 25127712 | F4: 01017192/02786 - RJ | G4: 10171922786 | H4: Operacional | J4: 6x1 | K4: 23585-370 | L4: RUA SERROLANDIA | M4: S/N | N4: PACIENCIA | O4: Rio de Janeiro | P4: RJ | Q4: ativo | R4: 46277 | S4: Mensalista | T4: 1.8333333 | U4: Outros | V4: Disponivel | X4: 46323 | Z4: 42626 | AB4: 46277
A5: AG0997 | B5: ALEX BORGES NOGUEIRA | C5: (24) 992463988 | F5: 01062616/08716 - RJ | G5: 10626168716 | H5: Operacional | J5: 12x36 | K5: 25720-001 | L5: SERVIDÃO ARLINDO TEIVO SOARES | M5: 106 | N5: ROSEIRAL | O5: Petrópolis | P5: RJ | Q5: ativo | R5: 46289 | S5: Mensalista | T5: 1.8333333 | U5: Portaria | V5: Disponivel | X5: 46546 | Z5: 43733 | AB5: 46289
A6: FC0005 | B6: ALEXSANDRO PERONI VIEIRA | C6: (24) 99234-6446 | F6: 01371030/02781 - RJ | G6: 13710302781 | H6: Operacional | J6: 6x1 | K6: 25715-060 | L6: RUA HERMOGENIO SILVA | M6: 1923 | N6: RETIRO | O6: Petrópolis | P6: RJ | Q6: ativo | R6: 45686 | S6: Mensalista | T6: 44:00 hs | U6: Limpador | V6: INSS | X6: afastamento | Z6: 45321 | AB6: 45686
A7: FC0179 | B7: ALINE DE SOUZA SOARES | C7: (24) 993227088 | F7: 01730641/00750 - RJ | G7: 17306410750 | H7: Operacional | J7: 12x36 | K7: 25715-000 | L7: SERVIDÃO ANTONIO RAMOS DOS SANTOS | M7: 36 | N7: RETIRO | O7: Petrópolis | P7: RJ | Q7: ativo | R7: 46083 | S7: Mensalista | T7: 44:00 hs | U7: Limpador | V7: Disponivel | X7: 46426 | Z7: 45719 | AB7: 46083
A8: AG0921 | B8: ALINE VIANA COUTO | C8: (21) 96675-0219 | F8: 01308045/02712 - RJ | G8: 13080452712 | H8: Operacional | J8: 6x1 | K8: 23585-370 | L8: RUA SERROLANDIA | M8: S/N | N8: PACIENCIA | O8: Rio de Janeiro | P8: RJ | Q8: ativo | R8: 46599 | S8: Mensalista | T8: 1.8333333 | U8: Outros | V8: Disponivel | X8: 46352 | Z8: 43313 | AB8: 46599
A9: AG1068 | B9: AMANDA MAXIMIANA DA SILVA | C9: (21) 97738-4388 | F9: 01819358/00702 - RJ | G9: 18193580702 | H9: Operacional | J9: 6x1 | K9: 21320-050 | L9: RUA ANTONIA | M9: 4 | N9: PRACA SECA | O9: Rio de Janeiro | P9: RJ | Q9: ativo | R9: 46549 | S9: Mensalista | T9: 1.8333333 | U9: Outros | V9: Disponivel | X9: 46394 | Z9: 43994 | AB9: 46549
A10: AG0910 | B10: AMARILDO PONTES DOS SANTOS | C10: (24) 992802008 | E10: (24) 22710283 | F10: 09929262/00040 - RJ | G10: 76799158734 | H10: Operacional | J10: 6x1 | K10: 25882-000 | L10: RUA JUVENAL PORTUGAL | M10: 375 | N10: ANTA | O10: Sapucaia | P10: RJ | Q10: ativo | R10: 43631 | S10: Mensalista | T10: 1.8333333 | U10: Limpador | V10: INSS | X10: afastamento | Z10: 43267 | AB10: 43631
A11: AG0951 | B11: ANA LUCIA BARRETO FELIZARDO DA SILVA | C11: (24) 988118514 | E11: (24) 22332719 | F11: 00067001/00766 - RJ | G11: 00670010766 | H11: Operacional | J11: 6x1 | K11: 25680-003 | L11: RUA PAULINO AFONSO | M11: S/N | N11: CENTRO | O11: Petrópolis | P11: RJ | Q11: ativo | R11: 46081 | S11: Mensalista | T11: 1.8333333 | U11: Limpador | V11: INSS | X11: afastamento | Z11: 43525 | AB11: 46081
A12: AG0770 | B12: ANA LUCIA FRAGA | C12: (24) 992070795 | E12: (24) 22371830 | F12: 00792151/06742 - RJ | G12: 07921516742 | H12: Gestão | J12: 6x1 | K12: 25640-010 | L12: RUA ANTONIO SOARES PINTO | M12: 245 | N12: ALTO DA SERRA | O12: Petrópolis | P12: RJ | Q12: ativo | R12: 46507 | S12: Mensalista | T12: 1.8333333 | U12: Gestão | V12: Disponivel | X12: 46328 | Z12: 42125 | AB12: 46507
A13: MC0059 | B13: ANA PAULA DOS SANTOS XAVIER | C13: (24) 988246948 | E13: (24) 22633841 | F13: 00759581/05762 - RJ | G13: 07595815762 | H13: Operacional | J13: 6x1 | K13: 25850-000 | L13: RUA FERNANDO BARROS FRANCO | M13: 17 | N13: LAVA PES | O13: Paraíba do Sul | P13: RJ | Q13: ativo | R13: 45716 | S13: Mensalista | T13: 1.8333333 | U13: Limpador | V13: INSS | X13: afastamento | Z13: 45351 | AB13: 45716
A14: FC0311 | B14: ANA PAULA MAYWORM DA SILVA | C14: (24) 98804-9989 | F14: 01619904/04703 - RJ | G14: 16199044703 | H14: Operacional | J14: 6x1 | K14: 25710-229 | L14: RUA JOAQUIM JOAO DE OLIVEIRA | M14: 220 | N14: CASCATINHA | O14: Petrópolis | P14: RJ | Q14: ativo | R14: 46580 | S14: Mensalista | T14: 1.8333333 | U14: Limpador | V14: Disponivel | X14: 46576 | Z14: 46216 | AA14: 45dd | AB14: 46580
A15: AG0786 | B15: ANDERSON DOS SANTOS MACHADO | C15: (24) 988149632 | F15: 00982427/05738 - RJ | G15: 09824275738 | H15: Operacional | J15: 12x36 | K15: 25615-071 | L15: RUA ELYZIO ALVES | M15: 250 | N15: CAXAMBU | O15: Petrópolis | P15: RJ | Q15: ativo | R15: 46203 | S15: Mensalista | T15: 1.8333333 | U15: Portaria | V15: Disponivel | X15: 46471 | Z15: 42186 | AB15: 46203
A16: FC0260 | B16: ANDERSON FARIAS FERREIRA | C16: (24) 993244491 | F16: 00792168/04700 - RJ | G16: 07921684700 | H16: Operacional | J16: 6x1 | K16: 25651-010 | L16: AVENIDA AMARAL PEIXOTO | M16: 895 | N16: QUITANDINHA | O16: Petrópolis | P16: RJ | Q16: ativo | R16: 46419 | S16: Mensalista | T16: 1.8333333 | U16: Limpador | V16: Disponivel | X16: 46415 | Z16: 46055 | AB16: 46419
A17: FC0210 | B17: ANDREA SOUZA DOS SANTOS | C17: (21) 99204-2520 | F17: 09013864/03768 - RJ | G17: 90138643768 | H17: Operacional | J17: 6x1 | K17: 26260-555 | L17: RUA ALVARO MACEDO | M17: 84 | N17: LUZ | O17: Nova Iguaçu | P17: RJ | Q17: ativo | R17: 46225 | S17: Intermitente | T17: 00:00 hs | U17: Limpador | V17: Disponivel | X17: 46574 | Z17: 45861 | AB17: 46225
A18: AG1276 | B18: ANDRELINO DOS SANTOS BARCELOS | C18: (21) 98246-0510 | F18: 00982959/05757 - RJ | G18: 09829595757 | H18: Operacional | J18: 6x1 | K18: 26587-335 | L18: RUA CORONEL AZEVEDO JUNIOR | M18: 1069 | N18: CHATUBA | O18: Rio de Janeiro | P18: RJ | Q18: ativo | R18: 46427 | S18: Mensalista | T18: 1.8333333 | U18: Limpador | V18: Disponivel | X18: 46399 | Z18: 44602 | AB18: 46427
A19: FC0168 | B19: ANNA KLARA DE OLIVEIRA DA COSTA PINTO | C19: (22) 98804-2125 | F19: 00643845/05776 - RJ | G19: 06438455776 | H19: Operacional | J19: 6x1 | K19: 28620-250 | L19: RUA AMAPA | M19: 28 | N19: OLARIA | O19: Nova Friburgo | P19: RJ | Q19: ativo | R19: 46069 | S19: Intermitente | T19: 00:00 hs | U19: Limpador | V19: Disponivel | X19: 46475 | Z19: 45705 | AB19: 46069
A20: MC0008 | B20: ANTONIO MARCOS MACHADO DESIDERIO | C20: (24) 992652363 | F20: 01408754/08783 - RJ | G20: 14087548783 | H20: Operacional | J20: 12x36 | K20: 25680-250 | L20: RUA JOAO BALTER | M20: S/N | N20: QUARTEIRAO BRASILEIR | O20: Petrópolis | P20: RJ | Q20: ativo | R20: 46199 | S20: Mensalista | T20: 1.8333333 | U20: Portaria | V20: Disponivel | X20: 46540 | Z20: 44009 | AB20: 46199
A21: AG1334 | B21: ANYA OLIVEIRA FONTOURA | C21: (85) 988981020 | F21: 00044221/07382 - RJ | G21: 00442217382 | H21: Gestão | J21: 6x1 | K21: 60135-270 | L21: RUA VICENTE LINHARES | M21: 654 | N21: ALDEOTA | O21: Fortaleza | P21: CE | Q21: ativo | R21: 46276 | S21: Mensalista | T21: 1.8333333 | U21: Outros | V21: Disponivel | X21: 46238 | Z21: 44816 | AB21: 46276
A22: AG1233 | B22: ARIANA ANDRADE ARCANJO | C22: (24) 992427239 | E22: (24) 20204511 | F22: 01477089/07723 - RJ | G22: 14770897723 | H22: Operacional | J22: 6x1 | K22: 25645-705 | L22: RUA MANOEL FRANCISCO DE PAULA | M22: 19 | N22: SIMERIA | O22: Petrópolis | P22: RJ | Q22: ativo | R22: 46305 | S22: Mensalista | T22: 1.8333333 | U22: Limpador | V22: Disponivel | X22: 46281 | Z22: 44480 | AB22: 46305
A23: AG1374 | B23: BARBARA DUARTE | C23: (24) 992722114 | F23: 15701554/00748 - RJ | G23: 15701554708 | H23: Operacional | J23: 6x1 | K23: 25745-690 | L23: ESTRADA MINISTRO SALGADO FILHO | M23: 4115 | N23: VALE DO CUIABA | O23: Petrópolis | P23: RJ | Q23: ativo | R23: 46140 | S23: Mensalista | T23: 1.8333333 | U23: Limpador | V23: Disponivel | X23: 46289 | Z23: 45045 | AB23: 46140
A24: FC0305 | B24: BEATRIZ NOEMIA DA SILVA ROCHA DOS SANTOS ADRIANO | C24: (24) 974024072 | E24: (24) 22488951 | F24: 01610916/08750 - RJ | G24: 16109168750 | H24: Operacional | J24: 6x1 | K24: 25716-231 | L24: TRAVESSA CANDIDO BORSATO | M24: 720 | N24: CASCATINHA | O24: Petrópolis | P24: RJ | Q24: ativo | R24: 46560 | S24: Mensalista | T24: 1.8333333 | U24: Limpador | V24: Disponivel | X24: 46559 | Z24: 46196 | AA24: 45dd | AB24: 46560
A25: AG0835 | B25: BERNARDO DE SOUZA RAMOS LAGO | C25: (24) 988074779 | E25: (24) 22379380 | F25: 08111245/09715 - RJ | G25: 81112459715 | H25: Gestão | J25: 6x1 | K25: 25675-111 | L25: RUA NOSSA SENHORA DAS GRAÇAS | M25: 205 | N25: MOSELA | O25: Petrópolis | P25: RJ | Q25: ativo | R25: 46507 | S25: Mensalista | T25: 1.8333333 | U25: Gestão | V25: Disponivel | X25: 46559 | Z25: 42491 | AB25: 46507
A26: AG1450 | B26: BIANCA MARIA ALVES DE JESUS | C26: (24) 99298-6690 | F26: 02191435/03781 - RJ | G26: 21914353781 | H26: Operacional | J26: 6x1 | K26: 25720-062 | L26: ESTRADA UNIAO INDUSTRIA | M26: 2501 | N26: CORREAS | O26: Petrópolis | P26: RJ | Q26: ativo | R26: 46376 | S26: Mensalista | T26: 1.8333333 | U26: Limpador | V26: Disponivel | X26: 46352 | Z26: 45281 | AB26: 46376
A27: AG0855 | B27: BRENDA NASCIMENTO NICOLAU | C27: (24) 992549907 | E27: (24) 22918382 | F27: 01810169/02754 - RJ | G27: 18101692754 | H27: Gestão | J27: 6x1 | K27: 25715-391 | L27: SERVIDÃO JOAQUIM AFONSO DA SILVA | M27: 13 | N27: VALE DO CARANGOLA | O27: Petrópolis | P27: RJ | Q27: ativo | R27: 46447 | S27: Mensalista | T27: 1.8333333 | U27: Gestão | V27: Disponivel | X27: 46268 | Z27: 42796 | AB27: 46447
A28: FC0313 | B28: BRUNO ANDRE DE SOUZA | C28: (24) 98835-5420 | E28: (24) 98864-6605 | F28: 01443609/01708 - RJ | G28: 14436091708 | H28: Operacional | J28: 6x1 | K28: 25670-011 | L28: RUA PROFESSOR JOSE REUTHER | M28: 165 | N28: MOSELA | O28: Petrópolis | P28: RJ | Q28: ativo | R28: 46587 | S28: Mensalista | T28: 1.8333333 | U28: Limpador | V28: Disponivel | X28: 46583 | Z28: 46223 | AA28: 45dd | AB28: 46587
A29: MC0103 | B29: CARLOS EDUARDO MONTEIRO BRANDAO | C29: (24) 98870-0570 | E29: (24) 2235-6804 | F29: 00446550/05799 - RJ | G29: 04466505799 | H29: Operacional | J29: 12x36 | K29: 25600-001 | L29: ESTRADA RIO NEGRO | M29: S/N | N29: POSSE | O29: Petrópolis | P29: RJ | Q29: ativo | R29: 46531 | S29: Mensalista | T29: 1.8333333 | U29: Portaria | V29: Disponivel | X29: 46528 | Z29: 46167 | AB29: 46531
A30: FC0185 | B30: CARLOS HENRIQUE DA FONSECA BARBOSA | C30: (24) 98823-2865 | F30: 00060694/09712 - RJ | G30: 00606949712 | H30: Operacional | J30: 6x1 | K30: 25730-500 | L30: ESTRADA DO PALMITAL | M30: 833 | N30: NOGUEIRA | O30: Petrópolis | P30: RJ | Q30: ativo | R30: 46095 | S30: Mensalista | T30: 1.8333333 | U30: Manutenção | V30: INSS | X30: afastamento | Z30: 45731 | AB30: 46095
A31: AG1091 | B31: CARMEN LUCIA SCHMITZ | C31: (24) 99912-9606 | F31: 00229358/03732 - RJ | G31: 02293583732 | H31: Operacional | J31: 6x1 | K31: 25716-363 | L31: ESTRADA VICENZO RIVETTI | M31: 505 | N31: CARANGOLA | O31: Petrópolis | P31: RJ | Q31: ativo | R31: 46287 | S31: Mensalista | T31: 1.8333333 | U31: Limpador | V31: Disponivel | X31: 46275 | Z31: 44097 | AB31: 46287
A32: AG1436 | B32: CASSIANO SIESS PEREIRA | C32: (24) 981257222 | F32: 01734347/06785 - RJ | G32: 17343476785 | H32: Operacional | J32: 12x36 | K32: 25720-210 | L32: RUA CAPITAO AMANCIO DE SOUZA COUTINHO | M32: 384 | N32: CORREAS | O32: Petrópolis | P32: RJ | Q32: ativo | R32: 46336 | S32: Mensalista | T32: 1.8333333 | U32: Portaria | V32: Disponivel | X32: 46519 | Z32: 45241 | AB32: 46336
A33: AG0907 | B33: CELMA MARIA DA SILVA | C33: (24) 988195587 | E33: (24) 22457105 | F33: 00003587/02748 - RJ | G33: 00035872748 | H33: Operacional | J33: 6x1 | K33: 25715-200 | L33: RUA VIRGILIO DE SA PEREIRA JUNIOR | M33: 648 | N33: ROSEIRAL | O33: Petrópolis | P33: RJ | Q33: ativo | R33: 46683 | S33: Mensalista | T33: 1.8333333 | U33: Limpador | V33: INSS | X33: afastamento | Z33: 43254 | AB33: 46683
A34: AG1361 | B34: CINTIA RIBEIRO DE MATTOS COSTA | C34: (24) 992090676 | E34: (24) 988787288 | F34: 00014109/00145 - RJ | G34: 12688270702 | H34: Gestão | J34: 6x1 | K34: 25615-241 | L34: CAMINHO MONTE FLORIDO | M34: 279 | N34: ESTRADA DA SAUDADE | O34: Petrópolis | P34: RJ | Q34: ativo | R34: 46055 | S34: Mensalista | T34: 1.8333333 | U34: Outros | V34: Disponivel | X34: 46394 | Z34: 44960 | AB34: 46055
A35: FC0104 | B35: CLAUDIA REGINA VIEIRA | C35: (21) 97708-6070 | F35: 01006766/00738 - RJ | G35: 10067660738 | H35: Operacional | J35: 6x1 | K35: 26051-670 | L35: RUA ITAOCA | M35: 4 | N35: PARQUE SAO CARLOS | O35: Nova Iguaçu | P35: RJ | Q35: ativo | R35: 46273 | S35: Intermitente | T35: 00:00 hs | U35: Limpador | V35: Disponivel | X35: 46258 | Z35: 45544 | AB35: 46273
A36: MC0032 | B36: CLAUDIO MARCIO ARAUJO SILVA | C36: (24) 988226256 | E36: (24) 22435292 | F36: 00974193/07717 - RJ | G36: 09741937717 | H36: Operacional | J36: 12x36 | K36: 25655-158 | L36: RUA CORONEL VEIGA | M36: 890 | N36: CORONEL VEIGA | O36: Petrópolis | P36: RJ | Q36: ativo | R36: 45935 | S36: Mensalista | T36: 1.8333333 | U36: Portaria | V36: INSS | X36: afastamento | Z36: 44475 | AB36: 45935
A37: MC0002 | B37: CLEBER MARTINS SCHMIDT | C37: (24) 988327751 | E37: (24) 22351442 | F37: 00866569/08710 - RJ | G37: 08665698710 | H37: Operacional | J37: 12x36 | K37: 25650-480 | L37: RUA RIO GRANDE DO NORTE | M37: 35 | N37: QUITANDINHA | O37: Petrópolis | P37: RJ | Q37: ativo | R37: 46096 | S37: Mensalista | T37: 1.8333333 | U37: Portaria | V37: Disponivel | X37: 46420 | Z37: 43906 | AB37: 46096
A38: AG0142 | B38: CREUSA JUREMA DOS SANTOS | E38: (24) 22475898 | F38: 00007301/00101 - RJ | G38: 044260447-58 | H38: Operacional | J38: 6x1 | K38: 25600-000 | L38: RUA FERNANDES VIEIRA | M38: SN | N38: RETIRO | O38: Petrópolis | P38: RJ | Q38: ativo | R38: 46264 | S38: Mensalista | T38: 1.8333333 | U38: Limpador | V38: INSS | X38: afastamento | Z38: 39497 | AB38: 46264
A39: FC0236 | B39: CRISTIANE DEMELVOU | C39: (24) 98833-3972 | E39: (24) 99219-1324 | F39: 00564591/07774 - RJ | G39: 05645917774 | H39: Operacional | J39: 6x1 | K39: 25645-705 | L39: RUA VITAL BRASIL | M39: 123 | N39: SAO SEBASTIAO | O39: Petrópolis | P39: RJ | Q39: ativo | R39: 46312 | S39: Mensalista | T39: 1.8333333 | U39: Limpador | V39: Disponivel | X39: 46310 | Z39: 45948 | AB39: 46312
A40: AG0479 | B40: CRISTINA APARECIDA DE SOUZA DEOLINDO | C40: (24) 992138158 | E40: (24) 22488753 | F40: 09819437/02704 - RJ | G40: 981943727-04 | H40: Operacional | J40: 6x1 | K40: 25645-090 | L40: RUA LUIZ XAVIER | M40: 78 | N40: SIMERIA | O40: Petrópolis | P40: RJ | Q40: ativo | R40: 46186 | S40: Mensalista | T40: 1.8333333 | U40: Limpador | V40: Disponivel | X40: 46398 | Z40: 41074 | AB40: 46186
A41: FC0042 | B41: DAIANA DA SILVA | C41: (24) 99821-9195 | E41: (24) 98827-0244 | F41: 00602809/04790 - RJ | G41: 06028094790 | H41: Operacional | J41: 6x1 | K41: 25745-010 | L41: ESTRADA DO GENTIO | M41: 95 | N41: ITAIPAVA | O41: Petrópolis | P41: RJ | Q41: ativo | S41: Mensalista | T41: 1.8333333 | U41: Limpador | V41: INSS | X41: afastamento | Z41: 45397
A42: MC0075 | B42: DANIEL DE SOUSA BARBOZA | C42: (24) 999897938 | F42: 01353604/08706 - RJ | G42: 13536048706 | H42: Operacional | J42: 12x36 | K42: 25645-260 | L42: RUA CACILDA BECKER | M42: 2006 | N42: INDEPENDENCIA | O42: Petrópolis | P42: RJ | Q42: ativo | R42: 46234 | S42: Mensalista | T42: 44:00 hs | U42: Portaria | V42: Disponivel | X42: 46569 | Z42: 45870 | AB42: 46234
A43: MC0105 | B43: DANIEL GOMES DE MELLO | C43: (24) 99298-7407 | E43: (24) 2247-3942 | F43: 01229923/00718 - RJ | G43: 12299230718 | H43: Operacional | J43: 12x36 | K43: 25680-290 | L43: RUA ATILIO MAROTTI | M43: 1011 | N43: QUART. BRASILEIRO | O43: Petrópolis | P43: RJ | Q43: ativo | R43: 46538 | S43: Mensalista | T43: 1.8333333 | U43: Portaria | V43: Disponivel | X43: 46533 | Z43: 46174 | AB43: 46538
A44: AG1377 | B44: DENILSON FRANCISCO DA SILVA CORREA | C44: (24) 988356384 | F44: 05295654/00040 - RJ | G44: 86963163715 | H44: Operacional | J44: 6x1 | K44: 25680-290 | L44: RUA ATILIO MAROTTI | M44: 1380 | N44: QUART. BRASILEIRO | O44: Petrópolis | P44: RJ | Q44: ativo | R44: 46112 | S44: Mensalista | T44: 1.8333333 | U44: Limpador | V44: INSS | X44: afastamento | Z44: 45045 | AB44: 46112
A45: MC0106 | B45: DIEGO NICACIO DE CASTRO | C45: (24) 99217-1971 | F45: 01193385/08737 - RJ | G45: 11933858737 | H45: Operacional | J45: 12x36 | K45: 25665-330 | L45: RUA ALBERTO ECKHARDT | M45: 191 | N45: CASTRIOTO | O45: Petrópolis | P45: RJ | Q45: ativo | R45: 46547 | S45: Mensalista | T45: 1.8333333 | U45: Portaria | V45: Disponivel | X45: 46545 | Z45: 46183 | AB45: 46547
A46: FC0264 | B46: EDNA APARECIDA DOS SANTOS | C46: (24) 99253-7789 | F46: 00556963/07761 - RJ | G46: 05569637761 | H46: Operacional | J46: 6x1 | K46: 25715-363 | L46: ESTRADA VICENZO RIVETTI | M46: 505 | N46: CARANGOLA | O46: Petrópolis | P46: RJ | Q46: ativo | R46: 46428 | S46: Mensalista | T46: 1.8333333 | U46: Limpador | V46: Disponivel | X46: 46426 | Z46: 46064 | AB46: 46428
A47: AG1416 | B47: ELAZIR DE SOUZA LUIZ DA SILVA | C47: (24) 988482989 | E47: (24) 988588370 | F47: 08151376/03768 - RJ | G47: 81513763768 | H47: Operacional | J47: 6x1 | K47: 25630-480 | L47: RUA PEDRO IVO | M47: S/N | N47: MORIN | O47: Petrópolis | P47: RJ | Q47: ativo | R47: 45976 | S47: Horista | T47: 0.75 | U47: Limpador | V47: Disponivel | X47: 46406 | Z47: 45175 | AB47: 45976
A48: AG1325 | B48: ELI MEDEIROS DA SILVA SANTANA | C48: (24) 993950730 | F48: 01279864/00792 - RJ | G48: 12798640792 | H48: Operacional | J48: 12x36 | K48: 25750-000 | L48: RUA 3, QD K LOTE | M48: 50 | N48: MADAME MACHADO | O48: Petrópolis | P48: RJ | Q48: ativo | R48: 46241 | S48: Mensalista | T48: 1.8333333 | U48: Portaria | V48: Disponivel | X48: 46553 | Z48: 44781 | AB48: 46241
A49: MC0100 | B49: ELIAS GONCALVES DE MELLO SANTOS | C49: (24) 99291-7630 | F49: 01575108/03725 - RJ | G49: 15751083725 | H49: Operacional | J49: 12x36 | K49: 25640-293 | L49: RUA PAULISTA | M49: 175 | N49: CASTELANEA | O49: Petrópolis | P49: RJ | Q49: ativo | R49: 46528 | S49: Mensalista | T49: 1.8333333 | U49: Portaria | V49: Disponivel | X49: 46524 | Z49: 46164 | AB49: 46528
A50: FC0279 | B50: ELIEL NOVAES DOS SANTOS | C50: (24) 988358078 | F50: 01694032/02728 - RJ | G50: 16940322728 | H50: Operacional | J50: 12x36 | K50: 25680-250 | L50: RUA JOAO BALTER | M50: 256 | N50: MOSELA | O50: Petrópolis | P50: RJ | Q50: ativo | R50: 46490 | S50: Mensalista | T50: 1.8333333 | U50: Portaria | V50: Disponivel | X50: 46590 | Z50: 46126 | AB50: 46490
A51: AG0640 | B51: ELIZABETH DA SILVA VIEIRA | C51: (24) 988269989 | F51: 00048388/00152 - RJ | G51: 14454655740 | H51: Operacional | J51: 6x1 | K51: 25655-363 | L51: RUA DR. THOUZET | M51: 17 | N51: QUITANDINHA | O51: Petrópolis | P51: RJ | Q51: ativo | R51: 46003 | S51: Mensalista | T51: 44:00 hs | U51: Limpador | V51: INSS | X51: 46401 | Z51: 41621 | AB51: 46003
A52: AG0922 | B52: ERICA LOPES DA SILVA ALEXANDRE | C52: (24) 981292762 | F52: 06032403/00050 - RJ | G52: 05625719730 | H52: Operacional | J52: 6x1 | K52: 25640-036 | L52: RUA PROFESSOR CARDOSO FONTES | M52: 426 | N52: CASTELANEA | O52: Petrópolis | P52: RJ | Q52: ativo | R52: 45141 | S52: Mensalista | T52: 1.8333333 | U52: Limpador | V52: INSS | X52: afastamento | Z52: 43316 | AB52: 45141
A53: FC0045 | B53: FABIO DE OLIVEIRA SENRA | C53: (24) 988061183 | E53: (24) 22462330 | F53: 00160683/07770 - RJ | G53: 01606837770 | H53: Operacional | J53: 6x1 | K53: 25625-077 | L53: VILA LUIZ CARLOS SOARES | M53: 1063 | N53: MORIN | O53: Petrópolis | P53: RJ | Q53: ativo | R53: 46140 | S53: Mensalista | T53: 1.8333333 | U53: Portaria | V53: Disponivel | X53: 46478 | Z53: 45411 | AB53: 46140
A54: FC0150 | B54: FERNANDA DE SOUSA GONÇALVES | C54: (24) 992588713 | E54: (24) 22375485 | F54: 01004711/06706 - RJ | G54: 10047116706 | H54: Operacional | J54: 6x1 | K54: 25715-363 | L54: RUA VICENZO RIVETTI | M54: 505 | N54: CARANGOLA | O54: Petrópolis | P54: RJ | Q54: ativo | R54: 46376 | S54: Mensalista | T54: 1.8333333 | U54: Limpador | V54: Disponivel | X54: 46458 | Z54: 45647 | AB54: 46376
A55: FC0270 | B55: FLAVIA PAULA MARIOSA HERCULANO | C55: (24) 99215-8548 | F55: 01276481/02760 - RJ | G55: 12764812760 | H55: Operacional | J55: 6x1 | K55: 25821-060 | L55: RUA FELICIANO LIMA | M55: 245 | N55: PONTE DAS GARÇAS | O55: Três Rios | P55: RJ | Q55: ativo | R55: 46457 | S55: Intermitente | T55: 00:00 hs | U55: Limpador | V55: Disponivel | X55: 46454 | Z55: 46093 | AB55: 46457
A56: MC0108 | B56: FLAVIO DE OLIVEIRA SAMPAIO | C56: (24) 98817-9938 | F56: 01545891/06727 - RJ | G56: 15458916727 | H56: Operacional | J56: 12x36 | K56: 25645-262 | L56: RUA ANTONIO DE MEDEIROS | M56: 1705 | N56: INDEPENDENCIA | O56: Petrópolis | P56: RJ | Q56: ativo | R56: 46587 | S56: Mensalista | T56: 1.8333333 | U56: Portaria | V56: Disponivel | X56: 46583 | Z56: 46223 | AA56: 45dd | AB56: 46587
A57: FC0312 | B57: GABRIELA DOS SANTOS FREITAS | C57: (21) 99689-9988 | F57: 01705864/07755 - RJ | G57: 17058647755 | H57: Operacional | J57: 6x1 | K57: 25240-460 | L57: RUA D. NACY GERVASIO | M57: LT 31 | N57: SANTA CRUZ DA SERRA | O57: Rio de Janeiro | P57: RJ | Q57: ativo | R57: 46583 | S57: Intermitente | T57: 00:00 hs | U57: Limpador | V57: Disponivel | X57: 46573 | Z57: 46219 | AA57: 45dd | AB57: 46583
A58: FC0140 | B58: GILCINEIA PACHECO DA PENHA DO NASCIMENTO | C58: (22) 99822-2997 | F58: 01293594/06790 - RJ | G58: 12935946790 | H58: Operacional | J58: 6x1 | K58: 28635-500 | L58: RUA RUFINO SIQUEIRA, 49 | M58: 49 | N58: PARQUE DAS FLORES | O58: Nova Friburgo | P58: RJ | Q58: ativo | R58: 46599 | S58: Horista | T58: 30:00 hs | U58: Limpador | V58: INSS | X58: afastamento | Z58: 45630 | AB58: 46599
A59: FC0189 | B59: GILSON PALHARES DE SOUZA | C59: (24 ) 99986-5595 | F59: 00974008/05750 - RJ | G59: 09740085750 | H59: Operacional | J59: 12x36 | K59: 25635-500 | L59: VILA MARIA DA GLORIA FERNANDES SCHMITT | M59: 1560 | N59: ALTO DA SERRA | O59: Petrópolis | P59: RJ | Q59: ativo | R59: 46114 | S59: Intermitente | T59: 00:00 hs | U59: Portaria | V59: Disponivel | X59: 46440 | Z59: 45750 | AB59: 46114
A60: FC0013 | B60: GIVANILDO SOARES DE MATOS | C60: (24) 988662265 | E60: (24) 988127386 | F60: 00740797/03792 - RJ | G60: 07407973792 | H60: Operacional | J60: 6x1 | K60: 25680-192 | L60: RUA JOAO DE DEUS | M60: 850 | N60: QUART. BRASILEIRO | O60: Petrópolis | P60: RJ | Q60: ativo | R60: 46074 | S60: Mensalista | T60: 44:00 hs | U60: Limpador | V60: Disponivel | X60: 46405 | Z60: 45344 | AB60: 46074
A61: MC0093 | B61: HERNANE DOS SANTOS CLIMAS | C61: (24) 99252-0865 | F61: 00541770/04709 - RJ | G61: 05417704709 | H61: Operacional | J61: 12x36 | K61: 25650-190 | L61: RUA BAHIA | M61: 982 | N61: QUITANDINHA | O61: Petrópolis | P61: RJ | Q61: ativo | R61: 46442 | S61: Mensalista | T61: 44:00 hs | U61: Portaria | V61: Disponivel | X61: 46440 | Z61: 46078 | AB61: 46442
A62: FC0148 | B62: IMACULADA CONCEICAO DE OLIVEIRA | C62: (21) 99778-7861 | F62: 07094694/09620 - RJ | G62: 70946949620 | H62: Operacional | J62: 12x36 | K62: 25635-114 | L62: ESTRADA VELHA DA ESTRELA | M62: 3830 | N62: ALTO DA SERRA | O62: Petrópolis | P62: RJ | Q62: ativo | R62: 46376 | S62: Mensalista | T62: 1.8333333 | U62: Limpador | V62: Disponivel | X62: 46359 | Z62: 45647 | AB62: 46376
A63: FC0306 | B63: JAQUELINE DOS SANTOS SILVA | C63: (24) 99265-0210 | F63: 01175314/04710 - RJ | G63: 11753144710 | H63: Operacional | J63: 6x1 | K63: 25650-190 | L63: RUA BAHIA | M63: S/N | N63: QUITANDINHA | O63: Petrópolis | P63: RJ | Q63: ativo | R63: 46562 | S63: Mensalista | T63: 1.8333333 | U63: Limpador | V63: Disponivel | X63: 46559 | Z63: 46198 | AA63: 45dd | AB63: 46562
A64: FC0221 | B64: JAQUELINE SAMPAIO BOMFIM | C64: (21) 965211442 | F64: 00545968/08795 - RJ | G64: 05459688795 | H64: Operacional | J64: 6x1 | K64: 25042-500 | L64: RUA JEQUITIBA BRANCO | M64: S/N | N64: CAMPO GRANDE | O64: Rio de Janeiro | P64: RJ | Q64: ativo | R64: 46239 | S64: Intermitente | T64: 00:00 hs | U64: Limpador | V64: Disponivel | X64: 46233 | Z64: 45875 | AB64: 46239
A65: FC0302 | B65: JHONNY EDUARDO ALMEIDA VALADARES | C65: (24) 98829-5553 | F65: 02104450/06750 - RJ | G65: 21044506750 | H65: Operacional | J65: 6x1 | K65: 25151-121 | L65: RUA HENRIQUE PAIXAO | M65: 1531 | N65: ESPERANCA | O65: Petrópolis | P65: RJ | Q65: ativo | R65: 46559 | S65: Mensalista | T65: 44:00 hs | U65: Limpador | V65: Disponivel | X65: 46555 | Z65: 46195 | AA65: 45dd | AB65: 46559
A66: FC0229 | B66: JONATAN PAIVA DA SILVA | C66: (24) 992202555 | F66: 01797233/03785 - RJ | G66: 17972333785 | H66: Operacional | J66: 6x1 | K66: 25635-412 | L66: RUA SARGENTO BOENING | M66: 834 | N66: SARGENTO BOENING | O66: Petrópolis | P66: RJ | Q66: ativo | S66: Mensalista | T66: 1.8333333 | U66: Limpador | V66: Inativo | X66: afastamento | Z66: 45898
A67: FC0121 | B67: JORGE CARLOS DA SILVA | C67: (24) 98104-7902 | F67: 00012345/07769 - RJ | G67: 00123457769 | H67: Operacional | J67: 6x1 | K67: 25650-064 | L67: RUA JOAO MOREIRA | M67: 90 | N67: QUITANDINHA | O67: Petrópolis | P67: RJ | Q67: ativo | R67: 45946 | S67: Mensalista | T67: 1.8333333 | U67: Manutenção | V67: INSS | X67: 46302 | Z67: 45582 | AB67: 45946
A68: AG1399 | B68: JORGE DA SILVA AMORIM | C68: (24) 988085720 | F68: 00067340/03777 - RJ | G68: 00673403777 | H68: Operacional | J68: 6x1 | K68: 25645-250 | L68: SERVIDÃO NELSON BARBOSA | M68: 76 | N68: TAQUARA | O68: Petrópolis | P68: RJ | Q68: ativo | R68: 46223 | S68: Horista | T68: 0.54166667 | U68: Portaria | V68: Disponivel | X68: 46548 | Z68: 45128 | AB68: 46223
A69: AG1427 | B69: JORGE HENRIQUE LEITE PEREIRA | C69: (21) 982182902 | F69: 07994274/01704 - RJ | G69: 79942741704 | H69: Operacional | J69: 6x1 | K69: 25645-240 | L69: RUA ANGELO JOAO BRAND | M69: 0227 | N69: INDEPENDENCIA | O69: Petrópolis | P69: RJ | Q69: ativo | R69: 45832 | S69: Mensalista | T69: 1.8333333 | U69: Limpador | V69: INSS | X69: 47848 | Z69: 45231 | AB69: 45832
A70: AG0924 | B70: JOSE FERNANDO CORREA | C70: (24) 992045035 | E70: (24) 22216445 | F70: 00332534/05700 - RJ | G70: 03325345700 | H70: Operacional | J70: 12x36 | K70: 25730-510 | L70: RUA PARA | M70: 138 | N70: NOGUEIRA | O70: Petrópolis | P70: RJ | Q70: ativo | R70: 46250 | S70: Mensalista | T70: 1.8333333 | U70: Portaria | V70: Disponivel | X70: 46548 | Z70: 43329 | AB70: 46250
A71: AG0111 | B71: JOSE JORGE MANGIA | E71: (24) 22486570 | F71: 00196229/08710 - RJ | G71: 019622987-10 | H71: Operacional | J71: 6x1 | K71: 25680-540 | L71: LADEIRA NELSON MARCIANO DE CARVALHO | M71: 235 | N71: RETIRO | O71: Petrópolis | P71: RJ | Q71: ativo | R71: 46157 | S71: Mensalista | T71: 1.8333333 | U71: Manutenção | V71: Disponivel | X71: 46371 | Z71: 39309 | AB71: 46157
A72: FC0267 | B72: JOSE ROBERTO ALVES | C72: (24) 974024698 | F72: 01080188/04799 - RJ | G72: 10801884799 | H72: Operacional | J72: 6x1 | K72: 25660-000 | L72: SERVIDÃO LOURIVAL PEREIRA DE SA | M72: 140 | N72: DUARTE DA SILVEIRA | O72: Petrópolis | P72: RJ | Q72: ativo | R72: 46454 | S72: Mensalista | T72: 1.8333333 | U72: Limpador | V72: Disponivel | X72: 46450 | Z72: 46090 | AB72: 46454
A73: AG1237 | B73: JOSE ROBERTO MALHEIROS | C73: (24) 992468423 | F73: 00211838/09779 - RJ | G73: 02118389779 | H73: Operacional | J73: 12x36 | K73: 25745-700 | L73: RUA JOSE DA GAMA MACHADO | M73: SN | N73: ITAIPAVA | O73: Petrópolis | P73: RJ | Q73: ativo | R73: 46307 | S73: Mensalista | T73: 1.8333333 | U73: Portaria | V73: Disponivel | X73: 46580 | Z73: 44482 | AB73: 46307
A74: FC0014 | B74: JOSEMAR DE SOUZA ARAUJO | C74: (21) 959323508 | F74: 4090917/7864 - RJ | G74: 40909177864 | H74: Operacional | J74: 6x1 | K74: 25720-449 | L74: VILA JOSE NOLASCO DA SILVA | M74: 54 | N74: CORREAS | O74: Petrópolis | P74: RJ | Q74: ativo | R74: 46076 | S74: Mensalista | T74: 1.8333333 | U74: Limpador | V74: Disponivel | X74: 46420 | Z74: 45346 | AB74: 46076
A75: AG0311 | B75: JOZIMAR COSTA DA SILVA | C75: (21) 975185698 | E75: (21) 36538339 | F75: 00024581/00095 - RJ | G75: 004407647-93 | H75: Operacional | J75: 6x1 | K75: 25600-000 | L75: RUA WILSON DE ARAUJO | M75: 1008 | N75: XEREM | O75: Duque de Caxias | P75: RJ | Q75: ativo | R75: 40910 | S75: Mensalista | T75: 1.8333333 | U75: Limpador | V75: INSS | X75: afastamento | Z75: 40546 | AB75: 40910
A76: FC0146 | B76: JUÇARA RAMOS DA SILVA | C76: (24) 99207-5505 | E76: (24) 2244-7830 | F76: 01208965/00770 - RJ | G76: 12089650770 | H76: Operacional | J76: 6x1 | K76: 25685-191 | L76: RUA APARECIDA | M76: 62 | N76: VALPARAISO | O76: Petrópolis | P76: RJ | Q76: ativo | R76: 46008 | S76: Mensalista | T76: 44:00 hs | U76: Limpador | V76: Disponivel | X76: 46352 | Z76: 45644 | AB76: 46008
A77: AG0972 | B77: JUCELIA SANTOS BRAGA | C77: (24) 988569151 | F77: 04295121/06572 - BA | G77: 42951216572 | H77: Operacional | J77: 6x1 | K77: 25655-447 | L77: RUA JOAQUIM GOMENSORO | M77: 224 | N77: VALPARAISO | O77: Petrópolis | P77: RJ | Q77: ativo | R77: 45803 | S77: Mensalista | T77: 1.8333333 | U77: Limpador | V77: INSS | X77: afastamento | Z77: 43612 | AB77: 45803
A78: FC0300 | B78: KAUA DE SOUZA SCARDINO | C78: (24) 98110-9749 | F78: 00655137/00764 - RJ | G78: 06551370764 | H78: Operacional | J78: 6x1 | K78: 25615-110 | L78: RUA ALBERTO MARTINS | M78: 203 | N78: FLORESTA | O78: Petrópolis | P78: RJ | Q78: ativo | R78: 46549 | S78: Mensalista | T78: 44:00 hs | U78: Limpador | V78: Disponivel | X78: 46546 | Z78: 46185 | AB78: 46549
A79: FC0248 | B79: KEVIN ALBERTO NEVES LOBO | C79: (24) 99258-4414 | F79: 02110181/05752 - RJ | G79: 21101815752 | H79: Operacional | J79: 6x1 | K79: 25680-995 | L79: RUA FELIPE CAMARAO | M79: 310 | N79: RETIRO | O79: Petrópolis | P79: RJ | Q79: ativo | R79: 46342 | S79: Horista | T79: 20:00 HS | U79: Limpador | V79: Disponivel | X79: 46335 | Z79: 45978 | AB79: 46342
A80: FC0251 | B80: LARISSA DA SILVA HENRIQUE | C80: (24) 99222-2356 | F80: 02269176/02785 - RJ | G80: 22691762785 | H80: Operacional | J80: 6x1 | K80: 25645-312 | L80: RUA GEORGE AKZEL | M80: 319 | N80: INDEPENDENCIA | O80: Petrópolis | P80: RJ | Q80: ativo | R80: 46361 | S80: Intermitente | T80: 00:00 hs | U80: Limpador | V80: Disponivel | X80: 46358 | Z80: 45997 | AB80: 46361
A81: FC0308 | B81: LEANDRO MARTINS MERENCIANO CARVALHO | C81: (24) 99262-7842 | E81: (24) 2242-8859 | F81: 00979577/08706 - RJ | G81: 09795778706 | H81: Operacional | J81: 6x1 | K81: 25715-070 | L81: RUA SAO TOMAZ DE AQUINO | M81: 210 | N81: RETIRO | O81: Petrópolis | P81: RJ | Q81: ativo | R81: 46577 | S81: Mensalista | T81: 44:00 hs | U81: Limpador | V81: Disponivel | X81: 46574 | Z81: 46213 | AA81: 45dd | AB81: 46577
A82: FC0120 | B82: LENILDA BEZERRA DA SILVA | C82: (24) 99202-8574 | F82: 00609109/07741 - RJ | G82: 06091097741 | H82: Operacional | J82: 6x1 | K82: 25680-388 | L82: RUA FERNANDES VIEIRA | M82: 1054 | N82: RETIRO | O82: Petrópolis | P82: RJ | Q82: ativo | R82: 46308 | S82: Mensalista | T82: 1.8333333 | U82: Limpador | V82: Disponivel | X82: 46296 | Z82: 45579 | AB82: 46308
A83: AG0729 | B83: LISANETE VENANCIO DA SILVA | C83: (24) 988129315 | F83: 00334089/01745 - RJ | G83: 03340891745 | H83: Operacional | J83: 6x1 | K83: 25635-051 | L83: RUA FERROVIARIOS | M83: 02 | N83: ALTO DA SERRA | O83: Petrópolis | P83: RJ | Q83: ativo | R83: 46023 | S83: Mensalista | T83: 1.8333333 | U83: Limpador | V83: Disponivel | X83: 46508 | Z83: 42006 | AB83: 46023
A84: FC0234 | B84: LIZANDRA MARIA TOMAZ | C84: (24) 993054082 | F84: 01572502/07708 - RJ | G84: 15725027708 | H84: Operacional | J84: 6x1 | K84: 25850-000 | L84: RUA OCACIR MEDEIROS | M84: 25 | N84: LIBERDADE | O84: Paraíba do Sul | P84: RJ | Q84: ativo | R84: 46296 | S84: Horista | T84: 30:00 hs | U84: Limpador | V84: Disponivel | X84: 46443 | Z84: 45932 | AB84: 46296
A85: FC0087 | B85: LUAN AGUIAR DE SOUZA MACHADO | C85: (24) 99943-1934 | F85: 01725075/04742 - RJ | G85: 17250754742 | H85: Operacional | J85: 6x1 | K85: 25716-001 | L85: ESTRADA MACHADO FAGUNDES | M85: 237 | N85: CASCATINHA | O85: Petrópolis | P85: RJ | Q85: ativo | R85: 46228 | S85: Mensalista | T85: 44:00 hs | U85: Portaria | V85: Disponivel | X85: 46576 | Z85: 45499 | AB85: 46228
A86: AG1457 | B86: LUANA DOS SANTOS OLIVEIRA | C86: (24) 98832-8421 | F86: 00585004/01702 - RJ | G86: 05850041702 | H86: Gestão | J86: 6x1 | K86: 25710-097 | L86: SERVIDÃO CARISIO VIGATO | M86: 712 | N86: ITAMARATI | O86: Petrópolis | P86: RJ | Q86: ativo | R86: 46396 | S86: Mensalista | T86: 44:00 hs | U86: Gestão | V86: Disponivel | X86: 46338 | Z86: 45301 | AB86: 46396
A87: FC0048 | B87: LUANA VITORIA DA SILVA | C87: (24) 99323-6766 | F87: 02271139/09702 - RJ | G87: 22711399702 | H87: Operacional | J87: 6x1 | K87: 25665-431 | L87: RUA LUIZ WINTER | M87: 1120 | N87: DUARTE DA SILVEIRA | O87: Petrópolis | P87: RJ | Q87: ativo | R87: 46145 | S87: Mensalista | T87: 44:00 hs | U87: Limpador | V87: Disponivel | X87: 46531 | Z87: 45416 | AB87: 46145
A88: FC0286 | B88: LUCIANO MELGUIDES MIRANDA | C88: (24) 99328-8798 | F88: 01491543/07795 - RJ | G88: 14915437795 | H88: Operacional | J88: 6x1 | K88: 25635-414 | L88: RUA DOS EUCALIPTOS | M88: 18 | N88: CASTELANEA | O88: Petrópolis | P88: RJ | Q88: ativo | R88: 46517 | S88: Mensalista | T88: 1.8333333 | U88: Manutenção | V88: Disponivel | X88: 46512 | Z88: 46153 | AB88: 46517
A89: FC0166 | B89: LUIS ANDRE DE AMORIM | C89: (24) 98848-4522 | F89: 00067265/02781 - RJ | G89: 00672652781 | H89: Operacional | J89: 6x1 | K89: 25645-250 | L89: RUA ONOFRE DOS SANTOS | M89: 2579 | N89: TAQUARA | O89: Petrópolis | P89: RJ | Q89: ativo | R89: 46067 | S89: Horista | T89: 24:00 hs | U89: Limpador | V89: Disponivel | X89: 46414 | Z89: 45703 | AB89: 46067
A90: FC0086 | B90: LUIS CLAUDIO DE LIMA | C90: (24) 988583112 | E90: (24) 20205586 | F90: 08507912/00797 - RJ | G90: 85079120797 | H90: Operacional | J90: 6x1 | K90: 25720-210 | L90: RUA JOAO AMANCIO DE SOUZA COUTINHO | M90: 0 | N90: CORREAS | O90: Petrópolis | P90: RJ | Q90: ativo | R90: 45857 | S90: Mensalista | T90: 44:00 hs | U90: Limpador | V90: INSS | X90: afastamento | Z90: 45493 | AB90: 45857
A91: AG1016 | B91: LUIS FERNANDO HAELER | C91: (24) 993023348 | F91: 08579581/00797 - RJ | G91: 85795810797 | H91: Operacional | J91: 12x36 | K91: 25610-340 | L91: RUA AUGUSTO DA SILVA | N91: ESTRADA DA SAUDADE | O91: Petrópolis | P91: RJ | Q91: ativo | R91: 46388 | S91: Mensalista | T91: 1.8333333 | U91: Portaria | V91: Disponivel | X91: 46322 | Z91: 43832 | AB91: 46388
A92: FC0226 | B92: LUIS HENRIQUE DA ROCHA | C92: (24) 98863-8144 | F92: 00332427/01703 - RJ | G92: 03324271703 | H92: Operacional | J92: 6x1 | K92: 25710-130 | L92: RUA PEDRO NAVA | M92: 11 | N92: CASCATINHA | O92: Petrópolis | P92: RJ | Q92: ativo | R92: 46254 | S92: Mensalista | T92: 1.8333333 | U92: Manutenção | V92: Disponivel | X92: 46252 | Z92: 45890 | AB92: 46254
A93: FC0261 | B93: LUIS HENRIQUE NEVES FURTADO DA COSTA | C93: (24) 97402-1327 | F93: 02273273/04799 - RJ | G93: 22732734799 | H93: Operacional | J93: 6x1 | K93: 25680-510 | L93: LADEIRA ORLINDO DE ANDRADE | M93: 310 | N93: RETIRO | O93: Petrópolis | P93: RJ | Q93: ativo | R93: 46419 | S93: Mensalista | T93: 44:00 hs | U93: Limpador | V93: Disponivel | X93: 46415 | Z93: 46055 | AB93: 46419
A94: AG0838 | B94: LUIZ ANTONIO DA SILVA | C94: (21) 96863-2258 | E94: (21) 28865878 | F94: 07720172/08768 - RJ | G94: 77201728768 | H94: Operacional | J94: 6x1 | K94: 26051-810 | L94: RUA SA FREIRE | M94: 1010 | N94: FIGUEIRAS | O94: Rio de Janeiro | P94: RJ | Q94: ativo | R94: 46192 | S94: Mensalista | T94: 1.8333333 | U94: Limpador | V94: Disponivel | X94: 46561 | Z94: 42541 | AB94: 46192
A95: AG0716 | B95: LUIZ DA COSTA LEONIDIO | C95: (24) 988261446 | F95: 21388/374 - RJ | G95: 65149157791 | H95: Operacional | J95: 12x36 | K95: 25725-032 | L95: RUA BERNARDO COUTINHO | M95: 4570 | N95: ARARAS | O95: Petrópolis | P95: RJ | Q95: ativo | R95: 43404 | S95: Mensalista | T95: 1.8333333 | U95: Portaria | V95: INSS | X95: afastamento | Z95: 41944 | AB95: 43404
A96: FC0292 | B96: MARCELA DOS SANTOS | C96: (24) 99216-5490 | F96: 01654076/01716 - RJ | G96: 16540761716 | H96: Operacional | J96: 6x1 | K96: 25715-363 | L96: ESTRADA VICENZO RIVETTI | M96: 76 | N96: CARANGOLA | O96: Petrópolis | P96: RJ | Q96: ativo | R96: 46531 | S96: Mensalista | T96: 1.8333333 | U96: Limpador | V96: Disponivel | X96: 46527 | Z96: 46167 | AB96: 46531
A97: FC0062 | B97: MARCELO DA COSTA FONSECA | C97: (24) 99252-1108 | F97: 00414311/00784 - RJ | G97: 04143110784 | H97: Gestão | J97: 6x1 | K97: 25715-250 | L97: RUA DR. LIPOLD | M97: 200 | N97: CARANGOLA | O97: Petrópolis | P97: RJ | Q97: ativo | R97: 46526 | S97: Mensalista | T97: 44:00 hs | U97: Gestão | V97: Disponivel | X97: 46517 | Z97: 45432 | AB97: 46526
A98: FC0112 | B98: MARCIA DE SOUZA VIEIRA CANDIDO | C98: (24) 99294-5508 | E98: (24) 99329-6169 | F98: 00327846/01789 - RJ | G98: 03278461789 | H98: Operacional | J98: 6x1 | K98: 25807-050 | L98: RUA A | M98: 191 | N98: HABITAT | O98: Três Rios | P98: RJ | Q98: ativo | R98: 46291 | S98: Horista | T98: 24:00 hs | U98: Limpador | V98: Disponivel | X98: 46266 | Z98: 45562 | AB98: 46291
A99: FC0249 | B99: MARCIANA MIRANDA DA SILVA MENDONCA | C99: (22) 99243-3799 | F99: 00438861/00780 - RJ | G99: 04388610780 | H99: Operacional | J99: 6x1 | K99: 28605-270 | L99: RUA CONQUISTA | M99: S/N | N99: CAMPO DO COELHO | O99: Nova Friburgo | P99: RJ | Q99: ativo | R99: 46344 | S99: Intermitente | T99: 00:00 hs | U99: Limpador | V99: Disponivel | X99: 46337 | Z99: 45980 | AB99: 46344
A100: MC0084 | B100: MARCIO PEREIRA ALVES | C100: (24) 99335-6097 | F100: 01093370/03783 - RJ | G100: 10933703783 | H100: Operacional | J100: 12x36 | K100: 25745-701 | L100: RUA GERALDO PERGENTINO DE OLIVEIRA | M100: 18 | N100: ITAIPAVA | O100: Petrópolis | P100: RJ | Q100: ativo | R100: 46314 | S100: Mensalista | T100: 1.8333333 | U100: Portaria | V100: Disponivel | X100: 46311 | Z100: 45950 | AB100: 46314
...

Sheet ALOCAÇÃO IA
A1: CODIGO POSTO | B1: CPF
A2: FC062 - LD-B/1 | B2: 11950735770
A3: FC077 - LD-B/U | B3: 10167303732
A4: FC048 - PD-A/2 | B4: 10171922786
A5: FC074 - LD-A/1 | B5: 17306410750
A6: FC011 - LD-B/1 | B6: 07921684700
A7: FC048 - PN-A/1 | B7: 07921684700
A8: MC003 - PD-A/1 | B8: 06438455776
A9: FC045 - LD-B/1 | B9: 14770897723
A10: FC017 - LD-C/1 | B10: 15701554708
A11: FC062 - LDEC/2 | B11: 15701554708
A12: FC063 - LD-C/U | B12: 15701554708
A13: FC009e - LD-B/1 | B13: 15701554708
A14: FC062 - LD-B/2 | B14: 81112459715
... A125: FC038 - PN-C/U | B125: 09617569779

Sheet Alan
A1: =IF(C1="ENCAR",CONCATENATE(B1," - ",C1),IF(C1="ZELAD",CONCATENATE(B1," - ",C1),CONCATENATE(B1," - ",(CONCATENATE(MID(C1,1,1),MID(D1,1,1),MID(E1,1,1),MID(F1,1,1),"/",MID(G1,1,1)))))) -> - / | H1: =IF(I1=0,"-",IF(J1=0,CONCATENATE("R",I1),CONCATENATE("R",I1,"/",J1))) -> - | K1: =VLOOKUP(B1,#REF!,2,FALSE()) -> #REF! | L1: =VLOOKUP(B1,#REF!,7,FALSE()) -> #REF! | Q1: =VLOOKUP(B1,#REF!,10,FALSE()) -> #REF!
B3: COD CLIENTE | C3: CATEGORIA DE POSTO | D3: TURNO | E3: CONDI ÇÃO | F3: TIPO ESCALA | G3: QUANT. | H3: ROTEIRO | K3: CONTRATO | L3: LOCALIZAÇÃO | M3: CESTA BASICA | N3: INSALUB / PERICULOSIDADE | O3: NR EXIGIDA | P3: FERIADOS | Q3: supervisor | R3: DESCRIÇÃO DA ESCALA - dia da semana + horario | S3: HORAS DIÁRIAS | T3: seg | V3: ter | X3: qua | Z3: qui | AB3: sex | AD3: sab | AF3: dom | AH3: translado | AI3: ESCALA JAN | AJ3: ESCALA FEV | AK3: ESCALA MAR | AL3: ESCALA ABR | AM3: ESCALA MAI | AN3: ESCALA JUN | AO3: ESCALA JUL | AP3: ESCALA AGO | AQ3: ESCALA SET | AR3: ESCALA OUT | AS3: ESCALA NOV | AT3: ESCALA DEZ | AV3: ESCALA JAN | AW3: ESCALA FEV | AX3: ESCALA MAR | AY3: ESCALA ABR | AZ3: ESCALA MAI | BA3: ESCALA JUN | BB3: ESCALA JUL | BC3: ESCALA AGO | BD3: ESCALA SET | BE3: ESCALA OUT | BF3: ESCALA NOV | BG3: ESCALA DEZ | BI3: 06:00 às 07:00 | BJ3: 07:00 às 08:00 | BK3: 08:00 às 09:00 | BL3: 09:00 às 10:00 | BM3: 11:00 às 12:00 | BN3: 13:00 às 14:00 | BO3: 14:00 às 15:00 | BP3: 19:00 às 07:00 | BQ3: 20:00 às 21:00 | BR3: 22:00 às 23:00
B4: z | H4: =IF(I4=0,"-",IF(J4=0,CONCATENATE("R",I4),CONCATENATE("R",I4,"/",J4))) -> - | K4: Coloque dados na planilha de disponibilidade | Q4: =VLOOKUP(B4,#REF!,14,FALSE()) -> #REF!
B5: z | H5: =IF(I5=0,"-",IF(J5=0,CONCATENATE("R",I5),CONCATENATE("R",I5,"/",J5))) -> - | K5: Indique que faz a cobertura | Q5: =VLOOKUP(B5,#REF!,14,FALSE()) -> #REF!
B6: z | H6: =IF(I6=0,"-",IF(J6=0,CONCATENATE("R",I6),CONCATENATE("R",I6,"/",J6))) -> - | K6: Movimente esse colaborador para a área de atestados | Q6: =VLOOKUP(B6,#REF!,14,FALSE()) -> #REF!
B7: z | H7: =IF(I7=0,"-",IF(J7=0,CONCATENATE("R",I7),CONCATENATE("R",I7,"/",J7))) -> - | K7: Retire esse colaborador da planilha de disponibilidade | Q7: =VLOOKUP(B7,#REF!,14,FALSE()) -> #REF!
B8: z | H8: =IF(I8=0,"-",IF(J8=0,CONCATENATE("R",I8),CONCATENATE("R",I8,"/",J8))) -> - | Q8: =VLOOKUP(B8,#REF!,14,FALSE()) -> #REF!
B9: R01 | H9: =IF(I9=0,"-",IF(J9=0,CONCATENATE("R",I9),CONCATENATE("R",I9,"/",J9))) -> R.01 | I9: .01 | L9: =VLOOKUP(B9,ROTEIRO!$B$1:$AH$201,4,FALSE()) -> #N/A | Q9: =VLOOKUP(B9,#REF!,14,FALSE()) -> #REF!
B10: R02 | H10: =IF(I10=0,"-",IF(J10=0,CONCATENATE("R",I10),CONCATENATE("R",I10,"/",J10))) -> R.02 | I10: .02 | L10: =VLOOKUP(B10,ROTEIRO!$B$2:$AH$201,4,FALSE()) -> #N/A | Q10: =VLOOKUP(B10,#REF!,14,FALSE()) -> #REF!
B11: R03 | H11: =IF(I11=0,"-",IF(J11=0,CONCATENATE("R",I11),CONCATENATE("R",I11,"/",J11))) -> R.03 | I11: .03 | L11: =VLOOKUP(B11,ROTEIRO!$B$2:$AH$201,4,FALSE()) -> R03/1 | Q11: =VLOOKUP(B11,#REF!,14,FALSE()) -> #REF!
B12: R04 | H12: =IF(I12=0,"-",IF(J12=0,CONCATENATE("R",I12),CONCATENATE("R",I12,"/",J12))) -> R.04 | I12: .04 | L12: =VLOOKUP(B12,ROTEIRO!$B$2:$AH$201,4,FALSE()) -> R04/1 | Q12: =VLOOKUP(B12,#REF!,14,FALSE()) -> #REF!
B13: MC002 | C13: PORTEIRO | D13: DIURNO | E13: - | F13: B - 44 horas | G13: UNICO | H13: =IF(I13=0,"-",IF(J13=0,CONCATENATE("R",I13),CONCATENATE("R",I13,"/",J13))) -> - | K13: =VLOOKUP(B13,#REF!,2,FALSE()) -> #REF! | L13: =VLOOKUP(B13,#REF!,7,FALSE()) -> #REF! | M13: Cesta Gd | N13: N/A | O13: N/A | P13: SEM COBERT | Q13: =VLOOKUP(B13,#REF!,10,FALSE()) -> #REF! | R13: Seg à Qui - 08:00 às 18:00 / Sex - 08:00 às 17:00 - Intervalo: 12h - 13h - Pausa: 17h - 17h15 - Folga: Sab e Dom | S13: =U13+W13+Y13+AA13+AC13+AE13+AG13+AH13 -> 1.8333333 | T13: 07:00 às 17:00 | U13: 0.375 | V13: 07:00 às 17:00 | W13: 0.375 | X13: 07:00 às 17:00 | Y13: 0.375 | Z13: 07:00 às 17:00 | AA13: 0.375 | AB13: 07:00 às 16:00 | AC13: 0.33333333 | AD13: FOLGA | AF13: FOLGA
B14: R05 | H14: =IF(I14=0,"-",IF(J14=0,CONCATENATE("R",I14),CONCATENATE("R",I14,"/",J14))) -> R.05 | I14: .05 | L14: =VLOOKUP(B14,ROTEIRO!$B$2:$AH$201,4,FALSE()) -> R05/1 | Q14: =VLOOKUP(B14,#REF!,14,FALSE()) -> #REF!
B15: R06 | H15: =IF(I15=0,"-",IF(J15=0,CONCATENATE("R",I15),CONCATENATE("R",I15,"/",J15))) -> R.06 | I15: .06 | L15: =VLOOKUP(B15,ROTEIRO!$B$2:$AH$201,4,FALSE()) -> R06/1 | Q15: =VLOOKUP(B15,#REF!,14,FALSE()) -> #REF!
B16: R07 | H16: =IF(I16=0,"-",IF(J16=0,CONCATENATE("R",I16),CONCATENATE("R",I16,"/",J16))) -> R.07 | I16: .07 | L16: =VLOOKUP(B16,ROTEIRO!$B$2:$AH$201,4,FALSE()) -> R07/1 | Q16: =VLOOKUP(B16,#REF!,14,FALSE()) -> #REF!
B17: AG007 | C17: LIMPADOR | D17: DIURNO | E17: - | F17: B - 44 horas | G17: UNICO | H17: =IF(I17=0,"-",IF(J17=0,CONCATENATE("R",I17),CONCATENATE("R",I17,"/",J17))) -> - | K17: =VLOOKUP(B17,#REF!,2,FALSE()) -> #REF! | L17: =VLOOKUP(B17,#REF!,7,FALSE()) -> #REF! | M17: Cesta Gd | N17: N/A | O17: N/A | P17: SEM COBERT | Q17: =VLOOKUP(B17,#REF!,10,FALSE()) -> #REF! | R17: Seg à Sex - 08:00 às 16:40 / Sáb - 08:00 às 14:40 - Intervalo: 12h - 13h - Pausa: N/A - Folga: Domingos | S17: =U17+W17+Y17+AA17+AC17+AE17+AG17+AH17 -> 1.8333333 | T17: 08:00 às 16:40 | U17: 0.31944444 | V17: 08:00 às 16:40 | W17: 0.31944444 | X17: 08:00 às 16:40 | Y17: 0.31944444 | Z17: 08:00 às 16:40 | AA17: 0.31944444 | AB17: 08:00 às 16:40 | AC17: 0.31944444 | AD17: 8:00 às 14:40 | AE17: 0.23611111 | AF17: FOLGA
B18: R08 | H18: =IF(I18=0,"-",IF(J18=0,CONCATENATE("R",I18),CONCATENATE("R",I18,"/",J18))) -> R.08 | I18: .08 | L18: =VLOOKUP(B18,ROTEIRO!$B$2:$AH$201,4,FALSE()) -> R08/1 | Q18: =VLOOKUP(B18,#REF!,14,FALSE()) -> #REF!
B19: R09 | H19: =IF(I19=0,"-",IF(J19=0,CONCATENATE("R",I19),CONCATENATE("R",I19,"/",J19))) -> R.09 | I19: .09 | L19: =VLOOKUP(B19,ROTEIRO!$B$2:$AH$201,4,FALSE()) -> R09/1 | Q19: =VLOOKUP(B19,#REF!,14,FALSE()) -> #REF!
B20: R10 | H20: =IF(I20=0,"-",IF(J20=0,CONCATENATE("R",I20),CONCATENATE("R",I20,"/",J20))) -> R.10 | I20: .10 | L20: =VLOOKUP(B20,ROTEIRO!$B$2:$AH$201,4,FALSE()) -> R10/1 | Q20: =VLOOKUP(B20,#REF!,14,FALSE()) -> #REF!
B21: AG062 | C21: ENCAR | H21: =IF(I21=0,"-",IF(J21=0,CONCATENATE("R",I21),CONCATENATE("R",I21,"/",J21))) -> - | K21: =VLOOKUP(B21,#REF!,2,FALSE()) -> #REF! | L21: =VLOOKUP(B21,#REF!,7,FALSE()) -> #REF! | M21: Cesta Gd | N21: N/A | O21: N/A | P21: COB MISTA | Q21: =VLOOKUP(B21,#REF!,10,FALSE()) -> #REF! | R21: Seg à Dom - 08:00 às 16:20 - Intervalo: 12h - 13h - Pausa: N/A - Folga: Sextas + 4º DOM | S21: 1.8333333 | T21: 08:00 às 16:20 | U21: 0.30555556 | V21: 08:00 às 16:20 | W21: 0.30555556 | X21: 08:00 às 16:20 | Y21: 0.30555556 | Z21: 08:00 às 16:20 | AA21: 0.30555556 | AB21: FOLGA | AD21: 08:00 às 16:20 | AE21: 0.30555556 | AF21: 08:00 às 16:20 | AG21: 0.30555556
B22: R11 | H22: =IF(I22=0,"-",IF(J22=0,CONCATENATE("R",I22),CONCATENATE("R",I22,"/",J22))) -> R.11 | I22: .11 | L22: =VLOOKUP(B22,ROTEIRO!$B$2:$AH$201,4,FALSE()) -> R11/1 | Q22: =VLOOKUP(B22,#REF!,14,FALSE()) -> #REF!
B23: R12 | H23: =IF(I23=0,"-",IF(J23=0,CONCATENATE("R",I23),CONCATENATE("R",I23,"/",J23))) -> R.12 | I23: .12 | L23: =VLOOKUP(B23,ROTEIRO!$B$2:$AH$201,4,FALSE()) -> R12/1 | Q23: =VLOOKUP(B23,#REF!,14,FALSE()) -> #REF!
B24: FC001a | C24: LIMPADOR | D24: DIURNO | E24: - | F24: B - 44 horas | G24: UNICO | H24: =IF(I24=0,"-",IF(J24=0,CONCATENATE("R",I24),CONCATENATE("R",I24,"/",J24))) -> - | K24: =VLOOKUP(B24,#REF!,2,FALSE()) -> #REF! | L24: =VLOOKUP(B24,#REF!,7,FALSE()) -> #REF! | M24: Cesta Gd | N24: N/A | O24: N/A | P24: SEM COBERT | Q24: =VLOOKUP(B24,#REF!,10,FALSE()) -> #REF! | R24: Seg à Sex - 07:12 às 17:00 - Intervalo: 11:30h - 12:30 - Pausa: N/A - Folga: Sáb e Dom | S24: 1.8333333 | T24: 07:12 às 17:00 | U24: 0.325 | V24: 07:12 às 17:00 | W24: 0.325 | X24: 07:12 às 17:00 | Y24: 0.325 | Z24: 07:12 às 17:00 | AA24: 0.325 | AB24: 07:12 às 17:00 | AC24: 0.325 | AD24: FOLGA | AF24: FOLGA
B25: FC001b | C25: LIMPADOR | D25: DIURNO | E25: - | F25: B - 44 horas | G25: UNICO | H25: =IF(I25=0,"-",IF(J25=0,CONCATENATE("R",I25),CONCATENATE("R",I25,"/",J25))) -> - | K25: =VLOOKUP(B25,#REF!,2,FALSE()) -> #REF! | L25: =VLOOKUP(B25,#REF!,7,FALSE()) -> #REF! | M25: Cesta Gd | N25: N/A | O25: N/A | P25: SEM COBERT | Q25: =VLOOKUP(B25,#REF!,10,FALSE()) -> #REF! | R25: Seg à Sex - 07:12 às 17:00 - Intervalo: 11:30h - 12:30 - Pausa: N/A - Folga: Sáb e Dom | S25: 1.8333333 | T25: 07:12 às 17:00 | U25: 0.325 | V25: 07:12 às 17:00 | W25: 0.325 | X25: 07:12 às 17:00 | Y25: 0.325 | Z25: 07:12 às 17:00 | AA25: 0.325 | AB25: 07:12 às 17:00 | AC25: 0.325 | AD25: FOLGA | AF25: FOLGA
B26: R13 | H26: =IF(I26=0,"-",IF(J26=0,CONCATENATE("R",I26),CONCATENATE("R",I26,"/",J26))) -> R.13 | I26: .13 | L26: =VLOOKUP(B26,ROTEIRO!$B$2:$AH$201,4,FALSE()) -> R13/1 | Q26: =VLOOKUP(B26,#REF!,14,FALSE()) -> #REF!
B27: R14 | H27: =IF(I27=0,"-",IF(J27=0,CONCATENATE("R",I27),CONCATENATE("R",I27,"/",J27))) -> R.14 | I27: .14 | L27: =VLOOKUP(B27,ROTEIRO!$B$2:$AH$201,4,FALSE()) -> R14/1 | Q27: =VLOOKUP(B27,#REF!,14,FALSE()) -> #REF!
B28: R15 | H28: =IF(I28=0,"-",IF(J28=0,CONCATENATE("R",I28),CONCATENATE("R",I28,"/",J28))) -> R.15 | I28: .15 | L28: =VLOOKUP(B28,ROTEIRO!$B$2:$AH$201,4,FALSE()) -> R15/1 | Q28: =VLOOKUP(B28,#REF!,14,FALSE()) -> #REF!
B29: AG065 | C29: LIMPADOR | D29: DIURNO | E29: - | F29: B - 44 horas | G29: UNICO | H29: =IF(I29=0,"-",IF(J29=0,CONCATENATE("R",I29),CONCATENATE("R",I29,"/",J29))) -> - | K29: =VLOOKUP(B29,#REF!,2,FALSE()) -> #REF! | L29: =VLOOKUP(B29,#REF!,7,FALSE()) -> #REF! | Q29: =VLOOKUP(B29,#REF!,10,FALSE()) -> #REF! | R29: Seg à Sáb - 08:20 às 16:40 - intervalo: 13h - 14h - Pausa: N/A - Folga: Domingo | S29: 1.8333333 | T29: 08:20 às 16:40 | U29: 0.30555556 | V29: 08:20 às 16:40 | W29: 0.30555556 | X29: 08:20 às 16:40 | Y29: 0.30555556 | Z29: 08:20 às 16:40 | AA29: 0.30555556 | AB29: 08:20 às 16:40 | AC29: 0.30555556 | AD29: 08:20 às 16:40 | AE29: 0.30555556
B30: R16 | H30: =IF(I30=0,"-",IF(J30=0,CONCATENATE("R",I30),CONCATENATE("R",I30,"/",J30))) -> R.16 | I30: .16 | L30: =VLOOKUP(B30,ROTEIRO!$B$2:$AH$201,4,FALSE()) -> R16/1 | Q30: =VLOOKUP(B30,#REF!,14,FALSE()) -> #REF!
B31: R17 | H31: =IF(I31=0,"-",IF(J31=0,CONCATENATE("R",I31),CONCATENATE("R",I31,"/",J31))) -> R.17 | I31: .17 | L31: =VLOOKUP(B31,ROTEIRO!$B$2:$AH$201,4,FALSE()) -> 0 | Q31: =VLOOKUP(B31,#REF!,14,FALSE()) -> #REF!
B32: R18 | H32: =IF(I32=0,"-",IF(J32=0,CONCATENATE("R",I32),CONCATENATE("R",I32,"/",J32))) -> R.18 | I32: .18 | L32: =VLOOKUP(B32,ROTEIRO!$B$2:$AH$201,4,FALSE()) | Q32: =VLOOKUP(B32,#REF!,14,FALSE()) -> #REF!
B33: R19 | H33: =IF(I33=0,"-",IF(J33=0,CONCATENATE("R",I33),CONCATENATE("R",I33,"/",J33))) -> R.19 | I33: .19 | L33: =VLOOKUP(B33,ROTEIRO!$B$2:$AH$201,4,FALSE()) | Q33: =VLOOKUP(B33,#REF!,14,FALSE()) -> #REF!
B34: R20 | H34: =IF(I34=0,"-",IF(J34=0,CONCATENATE("R",I34),CONCATENATE("R",I34,"/",J34))) -> R.20 | I34: .20 | L34: =VLOOKUP(B34,ROTEIRO!$B$2:$AH$201,4,FALSE()) | Q34: =VLOOKUP(B34,#REF!,14,FALSE()) -> #REF!
K35: =COUNTIF(K24:K107,"<>0") -> 48
A36: =IF(C36="ENCAR",CONCATENATE(B36," - ",C36),IF(C36="ZELAD",CONCATENATE(B36," - ",C36),CONCATENATE(B36," - ",(CONCATENATE(MID(C36,1,1),MID(D36,1,1),MID(E36,1,1),MID(F36,1,1),"/",MID(G36,1,1)))))) -> AG023 - JD-B/U | B36: AG023 | C36: JARDINEIRO | D36: DIURNO | E36: - | F36: B - 44 horas | G36: UNICO | H36: =IF(I36=0,"-",IF(J36=0,CONCATENATE("R",I36),CONCATENATE("R",I36,"/",J36))) -> - | K36: =VLOOKUP(B36,#REF!,2,FALSE()) -> #REF! | L36: =VLOOKUP(B36,#REF!,7,FALSE()) -> #REF! | M36: Cesta Gd | N36: N/A | O36: N/A | P36: SEM COBERT | Q36: =VLOOKUP(B36,#REF!,10,FALSE()) -> #REF! | R36: Seg à Sex - 06:00 às 15:00 / Sáb - 06:00 às 10:00 - Intervalo: 12h - 13h - Pausa: N/A - Folga: Domingos | S36: 1.8333333 | T36: 06:00 às 15:00 | U36: 0.33333333 | V36: 06:00 às 15:00 | W36: 0.33333333 | X36: 06:00 às 15:00 | Y36: 0.33333333 | Z36: 06:00 às 15:00 | AA36: 0.33333333 | AB36: 06:00 às 15:00 | AC36: 0.33333333 | AD36: 06:00 às 10:00 | AE36: 0.16666667 | AF36: FOLGA | BI36: X
A37: =IF(C37="ENCAR",CONCATENATE(B37," - ",C37),IF(C37="ZELAD",CONCATENATE(B37," - ",C37),CONCATENATE(B37," - ",(CONCATENATE(MID(C37,1,1),MID(D37,1,1),MID(E37,1,1),MID(F37,1,1),"/",MID(G37,1,1)))))) -> FC066 - MD-B/U | B37: FC066 | C37: MANUTENCIONISTA | D37: DIURNO | E37: - | F37: B - 44 horas | G37: UNICO | H37: =IF(I37=0,"-",IF(J37=0,CONCATENATE("R",I37),CONCATENATE("R",I37,"/",J37))) -> - | K37: =VLOOKUP(B37,#REF!,2,FALSE()) -> #REF! | L37: =VLOOKUP(B37,#REF!,7,FALSE()) -> #REF! | M37: Cesta Gd | N37: N/A | O37: N/A | P37: SEM COBERT | Q37: =VLOOKUP(B37,#REF!,10,FALSE()) -> #REF! | R37: Seg à Sex - 07:00 às 16:00 / Sáb - 07:00 às 11:00 - Intervalo: 11h - 12h - Pausa: N/A - Folga: Dom e Fer | S37: =U37+W37+Y37+AA37+AC37+AE37+AG37+AH37 -> 1.8333333 | T37: 07:00 às 16:00 | U37: 0.33333333 | V37: 07:00 às 16:00 | W37: 0.33333333 | X37: 07:00 às 16:00 | Y37: 0.33333333 | Z37: 07:00 às 16:00 | AA37: 0.33333333 | AB37: 07:00 às 16:00 | AC37: 0.33333333 | AD37: 07:00 às 11:00 | AE37: 0.16666667 | AF37: FOLGA | BI37: X
A38: =IF(C38="ENCAR",CONCATENATE(B38," - ",C38),IF(C38="ZELAD",CONCATENATE(B38," - ",C38),CONCATENATE(B38," - ",(CONCATENATE(MID(C38,1,1),MID(D38,1,1),MID(E38,1,1),MID(F38,1,1),"/",MID(G38,1,1)))))) -> AG005 - PD-A/1 | B38: AG005 | C38: PORTEIRO | D38: DIURNO | E38: - | F38: A - 12 por 36 | G38: 1 | H38: =IF(I38=0,"-",IF(J38=0,CONCATENATE("R",I38),CONCATENATE("R",I38,"/",J38))) -> - | K38: =VLOOKUP(B38,#REF!,2,FALSE()) -> #REF! | L38: =VLOOKUP(B38,#REF!,7,FALSE()) -> #REF! | M38: Cesta Gd | N38: N/A | O38: N/A | P38: COB ESCALA | Q38: =VLOOKUP(B38,#REF!,10,FALSE()) -> #REF! | R38: 12 por 36 - 07:00 às 19:00 - Intervalo: Pago aos dom. e feriados - Pausa: 16h - 16h15 - Folga: N/A | S38: 1.8333333 | T38: 07:00 às 19:00 | U38: 0.5 | X38: 07:00 às 19:00 | Y38: 0.5 | AB38: 07:00 às 19:00 | AC38: 0.5 | AF38: 07:00 às 19:00 | AG38: 0.5 | AI38: ESCALA PAR | AJ38: ESCALA IMPAR | AK38: ESCALA IMPAR | AL38: ESCALA PAR | AM38: ESCALA IMPAR | AN38: ESCALA IMPAR | AO38: ESCALA PAR | AP38: ESCALA PAR | AQ38: ESCALA IMPAR | AR38: ESCALA PAR | AS38: ESCALA IMPAR | AT38: ESCALA PAR | BI38: X
A39: =IF(C39="ENCAR",CONCATENATE(B39," - ",C39),IF(C39="ZELAD",CONCATENATE(B39," - ",C39),CONCATENATE(B39," - ",(CONCATENATE(MID(C39,1,1),MID(D39,1,1),MID(E39,1,1),MID(F39,1,1),"/",MID(G39,1,1)))))) -> AG005 - PD-A/2 | B39: AG005 | C39: PORTEIRO | D39: DIURNO | E39: - | F39: A - 12 por 36 | G39: 2 | H39: =IF(I39=0,"-",IF(J39=0,CONCATENATE("R",I39),CONCATENATE("R",I39,"/",J39))) -> - | K39: =VLOOKUP(B39,#REF!,2,FALSE()) -> #REF! | L39: =VLOOKUP(B39,#REF!,7,FALSE()) -> #REF! | M39: Cesta Gd | N39: N/A | O39: N/A | P39: COB ESCALA | Q39: =VLOOKUP(B39,#REF!,10,FALSE()) -> #REF! | R39: 12 por 36 - 07:00 às 19:00 - Intervalo: Pago aos dom. e feriados - Pausa: 16h - 16h15 - Folga: N/A | S39: 1.8333333 | V39: 07:00 às 19:00 | W39: 0.5 | Z39: 07:00 às 19:00 | AA39: 0.5 | AD39: 07:00 às 19:00 | AE39: 0.5 | AI39: ESCALA IMPAR | AJ39: ESCALA PAR | AK39: ESCALA PAR | AL39: ESCALA IMPAR | AM39: ESCALA PAR | AN39: ESCALA PAR | AO39: ESCALA IMPAR | AP39: ESCALA IMPAR | AQ39: ESCALA PAR | AR39: ESCALA IMPAR | AS39: ESCALA PAR | AT39: ESCALA IMPAR | BI39: X
A40: =IF(C40="ENCAR",CONCATENATE(B40," - ",C40),IF(C40="ZELAD",CONCATENATE(B40," - ",C40),CONCATENATE(B40," - ",(CONCATENATE(MID(C40,1,1),MID(D40,1,1),MID(E40,1,1),MID(F40,1,1),"/",MID(G40,1,1)))))) -> FC067 - LD-B/U | B40: FC067 | C40: LIMPADOR | D40: DIURNO | E40: - | F40: B - 44 horas | G40: UNICO | H40: =IF(I40=0,"-",IF(J40=0,CONCATENATE("R",I40),CONCATENATE("R",I40,"/",J40))) -> - | K40: =VLOOKUP(B40,#REF!,2,FALSE()) -> #REF! | L40: =VLOOKUP(B40,#REF!,7,FALSE()) -> #REF! | M40: Cesta Gd | N40: N/A | O40: N/A | P40: SEM COBERT | Q40: =VLOOKUP(B40,#REF!,10,FALSE()) -> #REF! | R40: Seg à Sex - 07:20 às 16:20/ Sáb - 07:20 às 11:20 - Intervalo: 12h - 13h - Pausa: N/A - Folga: Dom e Fer | S40: 1.8333333 | T40: 08:00 às 17:00 | U40: 0.33333333 | V40: 08:00 às 17:00 | W40: 0.33333333 | X40: 08:00 às 17:00 | Y40: 0.33333333 | Z40: 08:00 às 17:00 | AA40: 0.33333333 | AB40: 08:00 às 17:00 | AC40: 0.33333333 | AD40: 08:00 às 12:00 | AE40: 0.16666667 | AF40: FOLGA | BJ40: X
A41: =IF(C41="ENCAR",CONCATENATE(B41," - ",C41),IF(C41="ZELAD",CONCATENATE(B41," - ",C41),CONCATENATE(B41," - ",(CONCATENATE(MID(C41,1,1),MID(D41,1,1),MID(E41,1,1),MID(F41,1,1),"/",MID(G41,1,1)))))) -> AG017 - LD-C/U | B41: AG017 | C41: LIMPADOR | D41: DIURNO | E41: - | F41: C - menos de 44h | G41: UNICO | H41: =IF(I41=0,"-",IF(J41=0,CONCATENATE("R",I41),CONCATENATE("R",I41,"/",J41))) -> Reduzido | I41: eduzido | K41: =VLOOKUP(B41,#REF!,2,FALSE()) -> #REF! | L41: =VLOOKUP(B41,#REF!,7,FALSE()) -> #REF! | M41: Roteiro ou Contagem | N41: N/A | O41: N/A | P41: SEM COBERT | Q41: =VLOOKUP(B41,#REF!,10,FALSE()) -> #REF! | R41: Seg à Sáb - 07:30 às 11:30 - Intervalo: N/A - Pausa: N/A - Folga: N/A | S41: =U41+W41+Y41+AA41+AC41+AE41+AG41+AH41 -> 1 | T41: 07:30 às 11:30 | U41: 0.16666667 | V41: 07:30 às 11:30 | W41: 0.16666667 | X41: 07:30 às 11:30 | Y41: 0.16666667 | Z41: 07:30 às 11:30 | AA41: 0.16666667 | AB41: 07:30 às 11:30 | AC41: 0.16666667 | AD41: 07:30 às 11:30 | AE41: 0.16666667 | AF41: FOLGA | AV41: ESCALA PAR | AW41: ESCALA IMPAR | AX41: ESCALA IMPAR | AY41: ESCALA PAR | AZ41: ESCALA IMPAR | BA41: ESCALA IMPAR | BB41: ESCALA PAR | BC41: ESCALA PAR | BD41: ESCALA IMPAR | BE41: ESCALA PAR | BF41: ESCALA IMPAR | BG41: ESCALA PAR | BJ41: X
A42: =IF(C42="ENCAR",CONCATENATE(B42," - ",C42),IF(C42="ZELAD",CONCATENATE(B42," - ",C42),CONCATENATE(B42," - ",(CONCATENATE(MID(C42,1,1),MID(D42,1,1),MID(E42,1,1),MID(F42,1,1),"/",MID(G42,1,1)))))) -> AG014 - LD-C/1 | B42: AG014 | C42: LIMPADOR | D42: DIURNO | E42: - | F42: C - menos de 44h | G42: 1 | H42: =IF(I42=0,"-",IF(J42=0,CONCATENATE("R",I42),CONCATENATE("R",I42,"/",J42))) -> Reduzido | I42: eduzido | K42: =VLOOKUP(B42,#REF!,2,FALSE()) -> #REF! | L42: =VLOOKUP(B42,#REF!,7,FALSE()) -> #REF! | M42: Roteiro ou Contagem | N42: N/A | O42: N/A | P42: SEM COBERT | Q42: =VLOOKUP(B42,#REF!,10,FALSE()) -> #REF! | R42: Seg à Sex: 08:00 às 11:30 - Intervalo: N/A - Pausa: N/A - Folga: Sáb e Dom | S42: =U42+W42+Y42+AA42+AC42+AE42+AG42+AH42 -> 0.72916667 | T42: 08:00 às 11:30 | U42: 0.14583333 | V42: 08:00 às 11:30 | W42: 0.14583333 | X42: 08:00 às 11:30 | Y42: 0.14583333 | Z42: 08:00 às 11:30 | AA42: 0.14583333 | AB42: 08:00 às 11:30 | AC42: 0.14583333 | AF42: FOLGA | BK42: X
A43: =IF(C43="ENCAR",CONCATENATE(B43," - ",C43),IF(C43="ZELAD",CONCATENATE(B43," - ",C43),CONCATENATE(B43," - ",(CONCATENATE(MID(C43,1,1),MID(D43,1,1),MID(E43,1,1),MID(F43,1,1),"/",MID(G43,1,1)))))) -> AG062 - LD-B/1 | B43: AG062 | C43: LIMPADOR | D43: DIURNO | E43: - | F43: B - 44 horas | G43: 1 | H43: =IF(I43=0,"-",IF(J43=0,CONCATENATE("R",I43),CONCATENATE("R",I43,"/",J43))) -> - | K43: =VLOOKUP(B43,#REF!,2,FALSE()) -> #REF! | L43: =VLOOKUP(B43,#REF!,7,FALSE()) -> #REF! | M43: Cesta Gd | N43: N/A | O43: N/A | P43: COB MISTA | Q43: Alan | R43: Seg à Dom - 08:00 às 16:20 - Intervalo: 12h - 13h - Pausa: N/A - Folga: Sáb e Dom alternado | S43: 1.8333333 | T43: 08:00 às 16:20 | U43: 0.30555556 | V43: FOLGA | X43: 08:00 às 16:20 | Y43: 0.30555556 | Z43: 08:00 às 16:20 | AA43: 0.30555556 | AB43: 08:00 às 16:20 | AC43: 0.30555556 | AD43: 08:00 às 16:20 | AE43: 0.30555556 | AF43: 08:00 às 16:20 | AG43: 0.30555556 | BK43: X
A44: =IF(C44="ENCAR",CONCATENATE(B44," - ",C44),IF(C44="ZELAD",CONCATENATE(B44," - ",C44),CONCATENATE(B44," - ",(CONCATENATE(MID(C44,1,1),MID(D44,1,1),MID(E44,1,1),MID(F44,1,1),"/",MID(G44,1,1)))))) -> AG062 - LD-B/2 | B44: AG062 | C44: LIMPADOR | D44: DIURNO | E44: - | F44: B - 44 horas | G44: 2 | H44: =IF(I44=0,"-",IF(J44=0,CONCATENATE("R",I44),CONCATENATE("R",I44,"/",J44))) -> - | K44: =VLOOKUP(B44,#REF!,2,FALSE()) -> #REF! | L44: =VLOOKUP(B44,#REF!,7,FALSE()) -> #REF! | M44: Cesta Gd | N44: N/A | O44: N/A | P44: COB MISTA | Q44: Alan | R44: Seg à Dom - 08:00 às 16:20 - Intervalo: 12h - 13h - Pausa: N/A - Folga: Sáb e Dom alternado | S44: 1.8333333 | T44: 08:00 às 16:20 | U44: 0.30555556 | V44: 08:00 às 16:20 | W44: 0.30555556 | X44: FOLGA | Z44: 08:00 às 16:20 | AA44: 0.30555556 | AB44: 08:00 às 16:20 | AC44: 0.30555556 | AD44: 08:00 às 16:20 | AE44: 0.30555556 | AF44: 08:00 às 16:20 | AG44: 0.30555556 | AV44: ESCALA IMPAR | AW44: ESCALA PAR | AX44: ESCALA PAR | AY44: ESCALA IMPAR | AZ44: ESCALA PAR | BA44: ESCALA PAR | BB44: ESCALA IMPAR | BC44: ESCALA IMPAR | BD44: ESCALA PAR | BE44: ESCALA IMPAR | BF44: ESCALA PAR | BG44: ESCALA IMPAR | BK44: X
A45: =IF(C45="ENCAR",CONCATENATE(B45," - ",C45),IF(C45="ZELAD",CONCATENATE(B45," - ",C45),CONCATENATE(B45," - ",(CONCATENATE(MID(C45,1,1),MID(D45,1,1),MID(E45,1,1),MID(F45,1,1),"/",MID(G45,1,1)))))) -> AG062 - LD-B/3 | B45: AG062 | C45: LIMPADOR | D45: DIURNO | E45: - | F45: B - 44 horas | G45: 3 | H45: =IF(I45=0,"-",IF(J45=0,CONCATENATE("R",I45),CONCATENATE("R",I45,"/",J45))) -> - | K45: =VLOOKUP(B45,#REF!,2,FALSE()) -> #REF! | L45: =VLOOKUP(B45,#REF!,7,FALSE()) -> #REF! | M45: Cesta Gd | N45: N/A | O45: N/A | P45: COB MISTA | Q45: Alan | R45: Seg à Dom - 08:00 às 16:20 - Intervalo: 12h - 13h - Pausa: N/A - Folga: Sáb e Dom alternado | S45: 1.8333333 | T45: 08:00 às 16:20 | U45: 0.30555556 | V45: 08:00 às 16:20 | W45: 0.30555556 | X45: 08:00 às 16:20 | Y45: 0.30555556 | Z45: FOLGA | AA45: - | AB45: 08:00 às 16:20 | AC45: 0.30555556 | AD45: 08:00 às 16:20 | AE45: 0.30555556 | AF45: 08:00 às 16:20 | AG45: 0.30555556 | BK45: X
A46: =IF(C46="ENCAR",CONCATENATE(B46," - ",C46),IF(C46="ZELAD",CONCATENATE(B46," - ",C46),CONCATENATE(B46," - ",(CONCATENATE(MID(C46,1,1),MID(D46,1,1),MID(E46,1,1),MID(F46,1,1),"/",MID(G46,1,1)))))) -> AG062 - LD-B/4 | B46: AG062 | C46: LIMPADOR | D46: DIURNO | E46: - | F46: B - 44 horas | G46: 4 | H46: =IF(I46=0,"-",IF(J46=0,CONCATENATE("R",I46),CONCATENATE("R",I46,"/",J46))) -> - | K46: =VLOOKUP(B46,#REF!,2,FALSE()) -> #REF! | L46: =VLOOKUP(B46,#REF!,7,FALSE()) -> #REF! | M46: Cesta Gd | N46: N/A | O46: N/A | P46: COB MISTA | Q46: Alan | R46: Seg à Dom - 08:00 às 16:20 - Intervalo: 12h - 13h - Pausa: N/A - Folga: Sáb e Dom alternado | S46: 1.8333333 | T46: 08:00 às 16:20 | U46: 0.30555556 | V46: FOLGA | X46: 08:00 às 16:20 | Y46: 0.30555556 | Z46: 08:00 às 16:20 | AA46: 0.30555556 | AB46: 08:00 às 16:20 | AC46: 0.30555556 | AD46: 08:00 às 16:20 | AE46: 0.30555556 | AF46: 08:00 às 16:20 | AG46: 0.30555556 | BK46: X
A47: =IF(C47="ENCAR",CONCATENATE(B47," - ",C47),IF(C47="ZELAD",CONCATENATE(B47," - ",C47),CONCATENATE(B47," - ",(CONCATENATE(MID(C47,1,1),MID(D47,1,1),MID(E47,1,1),MID(F47,1,1),"/",MID(G47,1,1)))))) -> AG062 - LD-B/7 | B47: AG062 | C47: LIMPADOR | D47: DIURNO | E47: - | F47: B - 44 horas | G47: 7 | H47: =IF(I47=0,"-",IF(J47=0,CONCATENATE("R",I47),CONCATENATE("R",I47,"/",J47))) -> - | K47: =VLOOKUP(B47,#REF!,2,FALSE()) -> #REF! | L47: =VLOOKUP(B47,#REF!,7,FALSE()) -> #REF! | M47: Cesta Gd | N47: N/A | O47: N/A | P47: COB MISTA | Q47: Alan | R47: Seg à Dom - 08:00 às 16:20 - Intervalo: 12h - 13h - Pausa: N/A - Folga: Sáb e Dom alternado | S47: 1.8333333 | T47: 08:00 às 16:20 | U47: 0.30555556 | V47: 08:00 às 16:20 | W47: 0.30555556 | X47: 08:00 às 16:20 | Y47: 0.30555556 | Z47: 08:00 às 16:20 | AA47: 0.30555556 | AB47: FOLGA | AD47: 08:00 às 16:20 | AE47: 0.30555556 | AF47: 08:00 às 16:20 | AG47: 0.30555556 | BK47: X
A48: =IF(C48="ENCAR",CONCATENATE(B48," - ",C48),IF(C48="ZELAD",CONCATENATE(B48," - ",C48),CONCATENATE(B48," - ",(CONCATENATE(MID(C48,1,1),MID(D48,1,1),MID(E48,1,1),MID(F48,1,1),"/",MID(G48,1,1)))))) -> AG062 - LD-B/8 | B48: AG062 | C48: LIMPADOR | D48: DIURNO | E48: - | F48: B - 44 horas | G48: 8 | H48: =IF(I48=0,"-",IF(J48=0,CONCATENATE("R",I48),CONCATENATE("R",I48,"/",J48))) -> - | K48: =VLOOKUP(B48,#REF!,2,FALSE()) -> #REF! | L48: =VLOOKUP(B48,#REF!,7,FALSE()) -> #REF! | M48: Cesta Gd | N48: N/A | O48: N/A | P48: COB MISTA | Q48: Alan | R48: Seg à Dom - 08:00 às 16:20 - Intervalo: 12h - 13h - Pausa: N/A - Folga: Sáb e Dom alternado | S48: 1.8333333 | T48: 08:00 às 16:20 | U48: 0.30555556 | V48: 08:00 às 16:20 | W48: 0.30555556 | X48: 08:00 às 16:20 | Y48: 0.30555556 | Z48: 08:00 às 16:20 | AA48: 0.30555556 | AB48: FOLGA | AD48: 08:00 às 16:20 | AE48: 0.30555556 | AF48: 08:00 às 16:20 | AG48: 0.30555556 | BK48: X
A49: =IF(C49="ENCAR",CONCATENATE(B49," - ",C49),IF(C49="ZELAD",CONCATENATE(B49," - ",C49),CONCATENATE(B49," - ",(CONCATENATE(MID(C49,1,1),MID(D49,1,1),MID(E49,1,1),MID(F49,1,1),"/",MID(G49,1,1)))))) -> AG011 - LD-B/1 | B49: AG011 | C49: LIMPADOR | D49: DIURNO | E49: - | F49: B - 44 horas | G49: 1 | H49: =IF(I49=0,"-",IF(J49=0,CONCATENATE("R",I49),CONCATENATE("R",I49,"/",J49))) -> - | K49: =VLOOKUP(B49,#REF!,2,FALSE()) -> #REF! | L49: =VLOOKUP(B49,#REF!,7,FALSE()) -> #REF! | M49: Cesta Gd | N49: N/A | O49: N/A | P49: COMPENSAÇÃO | Q49: =VLOOKUP(B49,#REF!,10,FALSE()) -> #REF! | R49: Seg à Dom - 08:00 às 16:20 - Intervalo: 12h - 13h - Pausa: N/A - Folga: Sáb e Dom alternado | S49: 1.8333333 | T49: 08:00 às 16:20 | U49: 0.30555556 | V49: 08:00 às 16:20 | W49: 0.30555556 | X49: 08:00 às 16:20 | Y49: 0.30555556 | Z49: 08:00 às 16:20 | AA49: 0.30555556 | AB49: 08:00 às 16:20 | AC49: 0.30555556 | AF49: 08:00 às 16:20 | AG49: 0.30555556 | BK49: X
A50: =IF(C50="ENCAR",CONCATENATE(B50," - ",C50),IF(C50="ZELAD",CONCATENATE(B50," - ",C50),CONCATENATE(B50," - ",(CONCATENATE(MID(C50,1,1),MID(D50,1,1),MID(E50,1,1),MID(F50,1,1),"/",MID(G50,1,1)))))) -> AG011 - LD-B/2 | B50: AG011 | C50: LIMPADOR | D50: DIURNO | E50: - | F50: B - 44 horas | G50: 2 | H50: =IF(I50=0,"-",IF(J50=0,CONCATENATE("R",I50),CONCATENATE("R",I50,"/",J50))) -> - | K50: =VLOOKUP(B50,#REF!,2,FALSE()) -> #REF! | L50: =VLOOKUP(B50,#REF!,7,FALSE()) -> #REF! | M50: Cesta Gd | N50: N/A | O50: N/A | P50: COMPENSAÇÃO | Q50: =VLOOKUP(B50,#REF!,10,FALSE()) -> #REF! | R50: Seg à Dom - 08:00 às 16:20 - Intervalo: 12h - 13h - Pausa: N/A - Folga: Sáb e Dom alternado | S50: 1.8333333 | T50: 08:00 às 16:20 | U50: 0.30555556 | V50: 08:00 às 16:20 | W50: 0.30555556 | X50: 08:00 às 16:20 | Y50: 0.30555556 | Z50: 08:00 às 16:20 | AA50: 0.30555556 | AB50: 08:00 às 16:20 | AC50: 0.30555556 | AD50: 08:00 às 16:20 | AE50: 0.30555556 | BK50: X
A51: =IF(C51="ENCAR",CONCATENATE(B51," - ",C51),IF(C51="ZELAD",CONCATENATE(B51," - ",C51),CONCATENATE(B51," - ",(CONCATENATE(MID(C51,1,1),MID(D51,1,1),MID(E51,1,1),MID(F51,1,1),"/",MID(G51,1,1)))))) -> AG011 - LD-B/3 | B51: AG011 | C51: LIMPADOR | D51: DIURNO | E51: - | F51: B - 44 horas | G51: 3 | H51: =IF(I51=0,"-",IF(J51=0,CONCATENATE("R",I51),CONCATENATE("R",I51,"/",J51))) -> - | K51: =VLOOKUP(B51,#REF!,2,FALSE()) -> #REF! | L51: =VLOOKUP(B51,#REF!,7,FALSE()) -> #REF! | M51: Cesta Gd | N51: N/A | O51: N/A | P51: COMPENSAÇÃO | Q51: =VLOOKUP(B51,#REF!,10,FALSE()) -> #REF! | R51: Seg à Dom - 08:00 às 16:20 - Intervalo: 12h - 13h - Pausa: N/A - Folga: Sáb e Dom alternado | S51: 1.8333333 | T51: 08:00 às 16:20 | U51: 0.30555556 | V51: 08:00 às 16:20 | W51: 0.30555556 | X51: 08:00 às 16:20 | Y51: 0.30555556 | Z51: 08:00 às 16:20 | AA51: 0.30555556 | AB51: 08:00 às 16:20 | AC51: 0.30555556 | AD51: 08:00 às 16:20 | AE51: 0.30555556 | BK51: X
A52: =IF(C52="ENCAR",CONCATENATE(B52," - ",C52),IF(C52="ZELAD",CONCATENATE(B52," - ",C52),CONCATENATE(B52," - ",(CONCATENATE(MID(C52,1,1),MID(D52,1,1),MID(E52,1,1),MID(F52,1,1),"/",MID(G52,1,1)))))) -> AG011 - LD-B/4 | B52: AG011 | C52: LIMPADOR | D52: DIURNO | E52: - | F52: B - 44 horas | G52: 4 | H52: =IF(I52=0,"-",IF(J52=0,CONCATENATE("R",I52),CONCATENATE("R",I52,"/",J52))) -> - | K52: =VLOOKUP(B52,#REF!,2,FALSE()) -> #REF! | L52: =VLOOKUP(B52,#REF!,7,FALSE()) -> #REF! | M52: Cesta Gd | N52: N/A | O52: N/A | P52: COMPENSAÇÃO | Q52: =VLOOKUP(B52,#REF!,10,FALSE()) -> #REF! | R52: Seg à Dom - 08:00 às 16:20 - Intervalo: 12h - 13h - Pausa: N/A - Folga: Sáb e Dom alternado | S52: 1.8333333 | T52: 08:00 às 16:20 | U52: 0.30555556 | V52: 08:00 às 16:20 | W52: 0.30555556 | X52: 08:00 às 16:20 | Y52: 0.30555556 | Z52: 08:00 às 16:20 | AA52: 0.30555556 | AB52: 08:00 às 16:20 | AC52: 0.30555556 | AF52: 08:00 às 16:20 | AG52: 0.30555556 | BK52: X
A53: =IF(C53="ENCAR",CONCATENATE(B53," - ",C53),IF(C53="ZELAD",CONCATENATE(B53," - ",C53),CONCATENATE(B53," - ",(CONCATENATE(MID(C53,1,1),MID(D53,1,1),MID(E53,1,1),MID(F53,1,1),"/",MID(G53,1,1)))))) -> AG005 - LD-B/U | B53: AG005 | C53: LIMPADOR | D53: DIURNO | E53: - | F53: B - 44 horas | G53: UNICO | H53: =IF(I53=0,"-",IF(J53=0,CONCATENATE("R",I53),CONCATENATE("R",I53,"/",J53))) -> - | K53: =VLOOKUP(B53,#REF!,2,FALSE()) -> #REF! | L53: =VLOOKUP(B53,#REF!,7,FALSE()) -> #REF! | M53: Cesta Gd | N53: 20% INSALUB | O53: N/A | P53: SEM COBERT | Q53: =VLOOKUP(B53,#REF!,10,FALSE()) -> #REF! | R53: Seg à Sex - 08:00 às 17:00 / Sáb 08:00 às 12:00 - Intervalo: 12h - 13h - Pausa: N/A - Folga: Domingos | S53: =U53+W53+Y53+AA53+AC53+AE53+AG53+AH53 -> 1.8333333 | T53: 08:00 às 17:00 | U53: 0.33333333 | V53: 08:00 às 17:00 | W53: 0.33333333 | X53: 08:00 às 17:00 | Y53: 0.33333333 | Z53: 08:00 às 17:00 | AA53: 0.33333333 | AB53: 08:00 às 17:00 | AC53: 0.33333333 | AD53: 8:00 às 12:00 | AE53: 0.16666667 | AF53: FOLGA | BK53: X
A54: =IF(C54="ENCAR",CONCATENATE(B54," - ",C54),IF(C54="ZELAD",CONCATENATE(B54," - ",C54),CONCATENATE(B54," - ",(CONCATENATE(MID(C54,1,1),MID(D54,1,1),MID(E54,1,1),MID(F54,1,1),"/",MID(G54,1,1)))))) -> AG023 - PD-A/2 | B54: AG023 | C54: PORTEIRO | D54: DIURNO | E54: - | F54: A - 12 por 36 | G54: 2 | H54: =IF(I54=0,"-",IF(J54=0,CONCATENATE("R",I54),CONCATENATE("R",I54,"/",J54))) -> - | K54: =VLOOKUP(B54,#REF!,2,FALSE()) -> #REF! | L54: =VLOOKUP(B54,#REF!,7,FALSE()) -> #REF! | M54: Cesta Gd | N54: N/A | O54: N/A | P54: COB ESCALA | Q54: =VLOOKUP(B54,#REF!,10,FALSE()) -> #REF! | R54: 12 por 36 - 08:00 às 20:00 - Intervalo: 12h - 13h - Pausa: 16h - 16h15 - Folga: N/A | S54: 1.8333333 | V54: 08:00 às 20:00 | W54: 0.5 | Z54: 08:00 às 20:00 | AA54: 0.5 | AD54: 08:00 às 20:00 | AE54: 0.5 | AI54: ESCALA IMPAR | AJ54: ESCALA PAR | AK54: ESCALA PAR | AL54: ESCALA IMPAR | AM54: ESCALA PAR | AN54: ESCALA PAR | AO54: ESCALA IMPAR | AP54: ESCALA IMPAR | AQ54: ESCALA PAR | AR54: ESCALA IMPAR | AS54: ESCALA PAR | AT54: ESCALA IMPAR | BK54: X
A55: =IF(C55="ENCAR",CONCATENATE(B55," - ",C55),IF(C55="ZELAD",CONCATENATE(B55," - ",C55),CONCATENATE(B55," - ",(CONCATENATE(MID(C55,1,1),MID(D55,1,1),MID(E55,1,1),MID(F55,1,1),"/",MID(G55,1,1)))))) -> AG023 - LD-B/1 | B55: AG023 | C55: LIMPADOR | D55: DIURNO | E55: - | F55: B - 44 horas | G55: 1 | H55: =IF(I55=0,"-",IF(J55=0,CONCATENATE("R",I55),CONCATENATE("R",I55,"/",J55))) -> - | K55: =VLOOKUP(B55,#REF!,2,FALSE()) -> #REF! | L55: =VLOOKUP(B55,#REF!,7,FALSE()) -> #REF! | M55: Cesta Gd | N55: N/A | O55: N/A | P55: SEM COBERT | Q55: =VLOOKUP(B55,#REF!,10,FALSE()) -> #REF! | R55: Seg à Sex - 08:00 às 17:00 / Sáb - 08:00 às 12:00 - Intervalo: 12h - 13h - Pausa: N/A - Folga: Domingos | S55: 1.8333333 | T55: 08:00 às 17:00 | U55: 0.33333333 | V55: 08:00 às 17:00 | W55: 0.33333333 | X55: 08:00 às 17:00 | Y55: 0.33333333 | Z55: 08:00 às 17:00 | AA55: 0.33333333 | AB55: 08:00 às 17:00 | AC55: 0.33333333 | AD55: 08:00 às 12:00 | AE55: 0.16666667 | AF55: FOLGA | BK55: X
A56: =IF(C56="ENCAR",CONCATENATE(B56," - ",C56),IF(C56="ZELAD",CONCATENATE(B56," - ",C56),CONCATENATE(B56," - ",(CONCATENATE(MID(C56,1,1),MID(D56,1,1),MID(E56,1,1),MID(F56,1,1),"/",MID(G56,1,1)))))) -> AG023 - LD-B/2 | B56: AG023 | C56: LIMPADOR | D56: DIURNO | E56: - | F56: B - 44 horas | G56: 2 | H56: =IF(I56=0,"-",IF(J56=0,CONCATENATE("R",I56),CONCATENATE("R",I56,"/",J56))) -> - | K56: =VLOOKUP(B56,#REF!,2,FALSE()) -> #REF! | L56: =VLOOKUP(B56,#REF!,7,FALSE()) -> #REF! | M56: Cesta Gd | N56: N/A | O56: N/A | P56: SEM COBERT | Q56: =VLOOKUP(B56,#REF!,10,FALSE()) -> #REF! | R56: Seg à Sex - 08:00 às 17:00 / Sáb - 08:00 às 12:00 - Intervalo: 12h - 13h - Pausa: N/A - Folga: Domingos | S56: 1.8333333 | T56: 08:00 às 17:00 | U56: 0.33333333 | V56: 08:00 às 17:00 | W56: 0.33333333 | X56: 08:00 às 17:00 | Y56: 0.33333333 | Z56: 08:00 às 17:00 | AA56: 0.33333333 | AB56: 08:00 às 17:00 | AC56: 0.33333333 | AD56: 08:00 às 12:00 | AE56: 0.16666667 | AF56: FOLGA | AV56: ESCALA PAR | AW56: ESCALA IMPAR | AX56: ESCALA IMPAR | AY56: ESCALA PAR | AZ56: ESCALA IMPAR | BA56: ESCALA IMPAR | BB56: ESCALA PAR | BC56: ESCALA PAR | BD56: ESCALA IMPAR | BE56: ESCALA PAR | BF56: ESCALA IMPAR | BG56: ESCALA PAR | BK56: X
A57: =IF(C57="ENCAR",CONCATENATE(B57," - ",C57),IF(C57="ZELAD",CONCATENATE(B57," - ",C57),CONCATENATE(B57," - ",(CONCATENATE(MID(C57,1,1),MID(D57,1,1),MID(E57,1,1),MID(F57,1,1),"/",MID(G57,1,1)))))) -> AG024 - LD-C/U | B57: AG024 | C57: LIMPADOR | D57: DIURNO | E57: - | F57: C - menos de 44h | G57: UNICO | H57: =IF(I57=0,"-",IF(J57=0,CONCATENATE("R",I57),CONCATENATE("R",I57,"/",J57))) -> Reduzido | I57: eduzido | K57: =VLOOKUP(B57,#REF!,2,FALSE()) -> #REF! | L57: =VLOOKUP(B57,#REF!,7,FALSE()) -> #REF! | M57: Cesta Pq | N57: N/A | O57: N/A | P57: SEM COBERT | Q57: =VLOOKUP(B57,#REF!,10,FALSE()) -> #REF! | R57: Seg, Qua e Sex - 08:00 às 17:00 - Intervalo: 12h - 13h - Pausa: N/A - Folga: N/A | S57: =U57+W57+Y57+AA57+AC57+AE57+AG57+AH57 -> 1 | T57: 08:00 às 17:00 | U57: 0.33333333 | X57: 08:00 às 17:00 | Y57: 0.33333333 | AB57: 08:00 às 17:00 | AC57: 0.33333333 | BK57: X
A58: =IF(C58="ENCAR",CONCATENATE(B58," - ",C58),IF(C58="ZELAD",CONCATENATE(B58," - ",C58),CONCATENATE(B58," - ",(CONCATENATE(MID(C58,1,1),MID(D58,1,1),MID(E58,1,1),MID(F58,1,1),"/",MID(G58,1,1)))))) -> FC067 - MD-B/1 | B58: FC067 | C58: MANUTENCIONISTA | D58: DIURNO | E58: - | F58: B - 44 horas | G58: 1 | H58: =IF(I58=0,"-",IF(J58=0,CONCATENATE("R",I58),CONCATENATE("R",I58,"/",J58))) -> - | K58: =VLOOKUP(B58,#REF!,2,FALSE()) -> #REF! | L58: =VLOOKUP(B58,#REF!,7,FALSE()) -> #REF! | M58: Cesta Gd | N58: N/A | O58: N/A | P58: SEM COBERT | Q58: =VLOOKUP(B58,#REF!,10,FALSE()) -> #REF! | R58: Seg à Sex - 08:00 às 17:00/ Sáb - 08:00 às 12:00 - Intervalo: 12h - 13h - Pausa: N/A - Folga: Dom e Fer | S58: 1.8333333 | T58: 08:00 às 17:00 | U58: 0.33333333 | V58: 08:00 às 17:00 | W58: 0.33333333 | X58: 08:00 às 17:00 | Y58: 0.33333333 | Z58: 08:00 às 17:00 | AA58: 0.33333333 | AB58: 08:00 às 17:00 | AC58: 0.33333333 | AD58: 08:00 às 12:00 | AE58: 0.16666667 | AF58: FOLGA | BK58: X
A59: =IF(C59="ENCAR",CONCATENATE(B59," - ",C59),IF(C59="ZELAD",CONCATENATE(B59," - ",C59),CONCATENATE(B59," - ",(CONCATENATE(MID(C59,1,1),MID(D59,1,1),MID(E59,1,1),MID(F59,1,1),"/",MID(G59,1,1)))))) -> AG023 - PD-A/1 | B59: AG023 | C59: PORTEIRO | D59: DIURNO | E59: - | F59: A - 12 por 36 | G59: 1 | H59: =IF(I59=0,"-",IF(J59=0,CONCATENATE("R",I59),CONCATENATE("R",I59,"/",J59))) -> - | K59: =VLOOKUP(B59,#REF!,2,FALSE()) -> #REF! | L59: =VLOOKUP(B59,#REF!,7,FALSE()) -> #REF! | M59: Cesta Gd | N59: N/A | O59: N/A | P59: COB ESCALA | Q59: =VLOOKUP(B59,#REF!,10,FALSE()) -> #REF! | R59: 12 por 36 - 08:00 às 20:00 - Intervalo: 12h - 13h - Pausa: 16h - 16h15 - Folga: N/A | S59: 1.8333333 | T59: 08:00 às 20:00 | U59: 0.5 | X59: 08:00 às 20:00 | Y59: 0.5 | AB59: 08:00 às 20:00 | AC59: 0.5 | AF59: 08:00 às 20:00 | AG59: 0.5 | AI59: ESCALA PAR | AJ59: ESCALA IMPAR | AK59: ESCALA IMPAR | AL59: ESCALA PAR | AM59: ESCALA IMPAR | AN59: ESCALA IMPAR | AO59: ESCALA PAR | AP59: ESCALA PAR | AQ59: ESCALA IMPAR | AR59: ESCALA PAR | AS59: ESCALA IMPAR | AT59: ESCALA PAR | BK59: X
A60: =IF(C60="ENCAR",CONCATENATE(B60," - ",C60),IF(C60="ZELAD",CONCATENATE(B60," - ",C60),CONCATENATE(B60," - ",(CONCATENATE(MID(C60,1,1),MID(D60,1,1),MID(E60,1,1),MID(F60,1,1),"/",MID(G60,1,1)))))) -> AG050 - PD-A/1 | B60: AG050 | C60: PORTEIRO | D60: DIURNO | E60: - | F60: A - 12 por 36 | G60: 1 | H60: =IF(I60=0,"-",IF(J60=0,CONCATENATE("R",I60),CONCATENATE("R",I60,"/",J60))) -> - | K60: =VLOOKUP(B60,#REF!,2,FALSE()) -> #REF! | L60: =VLOOKUP(B60,#REF!,7,FALSE()) -> #REF! | M60: Cesta Gd | N60: N/A | O60: N/A | P60: COB ESCALA | Q60: =VLOOKUP(B60,#REF!,10,FALSE()) -> #REF! | R60: 12 por 36 - 08:00 às 20:00 - Intervalo: 12h - 13h - Pausa: 16h - 16h15 - Folga: N/A | S60: 1.8333333 | T60: 08:00 às 20:00 | U60: 0.5 | X60: 08:00 às 20:00 | Y60: 0.5 | AB60: 08:00 às 20:00 | AC60: 0.5 | AF60: 08:00 às 20:00 | AG60: 0.5 | AI60: ESCALA PAR | AJ60: ESCALA IMPAR | AK60: ESCALA IMPAR | AL60: ESCALA PAR | AM60: ESCALA IMPAR | AN60: ESCALA IMPAR | AO60: ESCALA PAR | AP60: ESCALA PAR | AQ60: ESCALA IMPAR | AR60: ESCALA PAR | AS60: ESCALA IMPAR | AT60: ESCALA PAR | BK60: X
A61: =IF(C61="ENCAR",CONCATENATE(B61," - ",C61),IF(C61="ZELAD",CONCATENATE(B61," - ",C61),CONCATENATE(B61," - ",(CONCATENATE(MID(C61,1,1),MID(D61,1,1),MID(E61,1,1),MID(F61,1,1),"/",MID(G61,1,1)))))) -> AG050 - PD-A/2 | B61: AG050 | C61: PORTEIRO | D61: DIURNO | E61: - | F61: A - 12 por 36 | G61: 2 | H61: =IF(I61=0,"-",IF(J61=0,CONCATENATE("R",I61),CONCATENATE("R",I61,"/",J61))) -> - | K61: =VLOOKUP(B61,#REF!,2,FALSE()) -> #REF! | L61: =VLOOKUP(B61,#REF!,7,FALSE()) -> #REF! | M61: Cesta Gd | N61: N/A | O61: N/A | P61: COB ESCALA | Q61: =VLOOKUP(B61,#REF!,10,FALSE()) -> #REF! | R61: 12 por 36 - 08:00 às 20:00 - Intervalo: 12h - 13h - Pausa: 16h - 16h15 - Folga: N/A | S61: 1.8333333 | V61: 08:00 às 20:00 | W61: 0.5 | Z61: 08:00 às 20:00 | AA61: 0.5 | AD61: 08:00 às 20:00 | AE61: 0.5 | AI61: ESCALA IMPAR | AJ61: ESCALA PAR | AK61: ESCALA PAR | AL61: ESCALA IMPAR | AM61: ESCALA PAR | AN61: ESCALA PAR | AO61: ESCALA IMPAR | AP61: ESCALA IMPAR | AQ61: ESCALA PAR | AR61: ESCALA IMPAR | AS61: ESCALA PAR | AT61: ESCALA IMPAR | BK61: X
A62: =IF(C62="ENCAR",CONCATENATE(B62," - ",C62),IF(C62="ZELAD",CONCATENATE(B62," - ",C62),CONCATENATE(B62," - ",(CONCATENATE(MID(C62,1,1),MID(D62,1,1),MID(E62,1,1),MID(F62,1,1),"/",MID(G62,1,1)))))) -> AG050 - LD-C/U | B62: AG050 | C62: LIMPADOR | D62: DIURNO | E62: - | F62: C - menos de 44h | G62: UNICO | H62: =IF(I62=0,"-",IF(J62=0,CONCATENATE("R",I62),CONCATENATE("R",I62,"/",J62))) -> R.03/1 | I62: .03 | J62: 1 | K62: =VLOOKUP(B62,#REF!,2,FALSE()) -> #REF! | L62: =VLOOKUP(B62,#REF!,7,FALSE()) -> #REF! | M62: Roteiro ou Contagem | N62: N/A | O62: N/A | P62: SEM COBERT | Q62: =VLOOKUP(B62,#REF!,10,FALSE()) -> #REF! | R62: Seg à Sex - 08:30 às 17:00 - Intervalo: 12h - 13h - Pausa: N/A - Folga: N/A | S62: =U62+W62+Y62+AA62+AC62+AE62+AG62+AH62 -> 1.5625 | T62: 8:30 às 17:00 | U62: 0.3125 | V62: 8:30 às 17:00 | W62: 0.3125 | X62: 8:30 às 17:00 | Y62: 0.3125 | Z62: 8:30 às 17:00 | AA62: 0.3125 | AB62: 8:30 às 17:00 | AC62: 0.3125 | BK62: X
A63: =IF(C63="ENCAR",CONCATENATE(B63," - ",C63),IF(C63="ZELAD",CONCATENATE(B63," - ",C63),CONCATENATE(B63," - ",(CONCATENATE(MID(C63,1,1),MID(D63,1,1),MID(E63,1,1),MID(F63,1,1),"/",MID(G63,1,1)))))) -> AG032 - LD-C/U | B63: AG032 | C63: LIMPADOR | D63: DIURNO | E63: - | F63: C - menos de 44h | G63: UNICO | H63: =IF(I63=0,"-",IF(J63=0,CONCATENATE("R",I63),CONCATENATE("R",I63,"/",J63))) -> R.04/1 | I63: .04 | J63: 1 | K63: =VLOOKUP(B63,#REF!,2,FALSE()) -> #REF! | L63: =VLOOKUP(B63,#REF!,7,FALSE()) -> #REF! | M63: Roteiro ou Contagem | N63: N/A | O63: N/A | P63: SEM COBERT | Q63: =VLOOKUP(B63,#REF!,10,FALSE()) -> #REF! | R63: Seg, Qua e Sex - 08:30 às 11:30 - Intervalo: N/A - Pausa: N/A - Folga: Dom e Fer | S63: =U63+W63+Y63+AA63+AC63+AE63+AG63+AH63 -> 0.4375 | T63: 08:30 às 11:30 | U63: 0.125 | X63: 08:30 às 11:30 | Y63: 0.125 | AB63: 08:30 às 11:30 | AC63: 0.125 | AD63: FOLGA | AF63: FOLGA | AH63: 0.0625 | BK63: X
A64: =IF(C64="ENCAR",CONCATENATE(B64," - ",C64),IF(C64="ZELAD",CONCATENATE(B64," - ",C64),CONCATENATE(B64," - ",(CONCATENATE(MID(C64,1,1),MID(D64,1,1),MID(E64,1,1),MID(F64,1,1),"/",MID(G64,1,1)))))) -> AG037 - MD-B/U | B64: AG037 | C64: MANUTENCIONISTA | D64: DIURNO | E64: - | F64: B - 44 horas | G64: UNICO | H64: =IF(I64=0,"-",IF(J64=0,CONCATENATE("R",I64),CONCATENATE("R",I64,"/",J64))) -> - | K64: =VLOOKUP(B64,#REF!,2,FALSE()) -> #REF! | L64: =VLOOKUP(B64,#REF!,7,FALSE()) -> #REF! | M64: Cesta Gd | N64: N/A | O64: N/A | P64: SEM COBERT | Q64: =VLOOKUP(B64,#REF!,10,FALSE()) -> #REF! | R64: Seg à Sex - 08:30 às 17:00 / Sáb - 08:30 às 16:00 - Intervalo: 12h - 13h - Pausa: N/A - Folga: Domingos | S64: 1.8333333 | T64: 08:30 às 17:00 | U64: 0.3125 | V64: 08:30 às 17:00 | W64: 0.3125 | X64: 08:30 às 17:00 | Y64: 0.3125 | Z64: 08:30 às 17:00 | AA64: 0.3125 | AB64: 08:30 às 17:00 | AC64: 0.3125 | AD64: 08:30 às 16:00 | AE64: 0.27083333 | AF64: FOLGA | BK64: X
A65: =IF(C65="ENCAR",CONCATENATE(B65," - ",C65),IF(C65="ZELAD",CONCATENATE(B65," - ",C65),CONCATENATE(B65," - ",(CONCATENATE(MID(C65,1,1),MID(D65,1,1),MID(E65,1,1),MID(F65,1,1),"/",MID(G65,1,1)))))) -> AG063 - LD-C/U | B65: AG063 | C65: LIMPADOR | D65: DIURNO | E65: - | F65: C - menos de 44h | G65: UNICO | H65: =IF(I65=0,"-",IF(J65=0,CONCATENATE("R",I65),CONCATENATE("R",I65,"/",J65))) -> Reduzido | I65: eduzido | K65: =VLOOKUP(B65,#REF!,2,FALSE()) -> #REF! | L65: =VLOOKUP(B65,#REF!,7,FALSE()) -> #REF! | M65: Roteiro ou Contagem | N65: N/A | O65: N/A | P65: SEM COBERT | Q65: =VLOOKUP(B65,#REF!,10,FALSE()) -> #REF! | R65: Seg, Qua e Sex - 09:00 às 11:45 - Intervalo: N/A - Pausa: N/A - Folga: N/A | S65: =U65+W65+Y65+AA65+AC65+AE65+AG65+AH65 -> 0.34375 | T65: 09:00 às 11:45 | U65: 0.11458333 | X65: 09:00 às 11:45 | Y65: 0.11458333 | AB65: 09:00 às 11:45 | AC65: 0.11458333 | BK65: X
A66: =IF(C66="ENCAR",CONCATENATE(B66," - ",C66),IF(C66="ZELAD",CONCATENATE(B66," - ",C66),CONCATENATE(B66," - ",(CONCATENATE(MID(C66,1,1),MID(D66,1,1),MID(E66,1,1),MID(F66,1,1),"/",MID(G66,1,1)))))) -> AG062 - LD-B/5 | B66: AG062 | C66: LIMPADOR | D66: DIURNO | E66: - | F66: B - 44 horas | G66: 5 | H66: =IF(I66=0,"-",IF(J66=0,CONCATENATE("R",I66),CONCATENATE("R",I66,"/",J66))) -> - | K66: =VLOOKUP(B66,#REF!,2,FALSE()) -> #REF! | L66: =VLOOKUP(B66,#REF!,7,FALSE()) -> #REF! | M66: Cesta Gd | N66: N/A | O66: N/A | P66: COB MISTA | Q66: Alan | R66: Seg à Dom - 08:00 às 16:20 - Intervalo: 12h - 13h - Pausa: N/A - Folga: Sáb e Dom alternado | S66: 1.8333333 | T66: 10:00 às 18:20 | U66: 0.30555556 | V66: 10:00 às 18:20 | W66: 0.30555556 | X66: FOLGA | Z66: 10:00 às 18:20 | AA66: 0.30555556 | AB66: 10:00 às 18:20 | AC66: 0.30555556 | AD66: 10:00 às 18:20 | AE66: 0.30555556 | AF66: 10:00 às 18:20 | AG66: 0.30555556 | BK66: X
A67: =IF(C67="ENCAR",CONCATENATE(B67," - ",C67),IF(C67="ZELAD",CONCATENATE(B67," - ",C67),CONCATENATE(B67," - ",(CONCATENATE(MID(C67,1,1),MID(D67,1,1),MID(E67,1,1),MID(F67,1,1),"/",MID(G67,1,1)))))) -> AG004 - PD-C/U | B67: AG004 | C67: PORTEIRO | D67: DIURNO | E67: - | F67: C - menos de 44h | G67: UNICO | H67: =IF(I67=0,"-",IF(J67=0,CONCATENATE("R",I67),CONCATENATE("R",I67,"/",J67))) -> R.10/2 | I67: .10 | J67: 2 | K67: =VLOOKUP(B67,#REF!,2,FALSE()) -> #REF! | L67: =VLOOKUP(B67,#REF!,7,FALSE()) -> #REF! | M67: Roteiro ou Contagem | N67: N/A | O67: N/A | P67: COB CONTRATO | Q67: =VLOOKUP(B67,#REF!,10,FALSE()) -> #REF! | R67: Dom - 09:00 às 22:00 - Intervalo: 13h - 14h - Pausa: 17h - 17h15 - Folga: 7º Dom | S67: =U67+W67+Y67+AA67+AC67+AE67+AG67+AH67 -> 0.54166667 | AF67: 09:00 às 22:00 | AG67: 0.54166667 | AQ67: ESCALA PAR | AR67: ESCALA PAR | AS67: ESCALA PAR | AT67: ESCALA PAR | BL67: X
A68: =IF(C68="ENCAR",CONCATENATE(B68," - ",C68),IF(C68="ZELAD",CONCATENATE(B68," - ",C68),CONCATENATE(B68," - ",(CONCATENATE(MID(C68,1,1),MID(D68,1,1),MID(E68,1,1),MID(F68,1,1),"/",MID(G68,1,1)))))) -> AG062 - LD-B/6 | B68: AG062 | C68: LIMPADOR | D68: DIURNO | E68: - | F68: B - 44 horas | G68: 6 | H68: =IF(I68=0,"-",IF(J68=0,CONCATENATE("R",I68),CONCATENATE("R",I68,"/",J68))) -> - | K68: =VLOOKUP(B68,#REF!,2,FALSE()) -> #REF! | L68: =VLOOKUP(B68,#REF!,7,FALSE()) -> #REF! | M68: Cesta Gd | N68: N/A | O68: N/A | P68: COB MISTA | Q68: Alan | R68: Seg à Dom - 11:00 às 19:20 - Intervalo: 15h - 16h - Pausa: N/A - Folga: Sáb e Dom alternado | S68: 1.8333333 | T68: 11:00 às 19:20 | U68: 0.30555556 | V68: 11:00 às 19:20 | W68: 0.30555556 | X68: 11:00 às 19:20 | Y68: 0.30555556 | Z68: FOLGA | AA68: - | AB68: 11:00 às 19:20 | AC68: 0.30555556 | AD68: 11:00 às 19:20 | AE68: 0.30555556 | AF68: 11:00 às 19:20 | AG68: 0.30555556 | BM68: X
A69: =IF(C69="ENCAR",CONCATENATE(B69," - ",C69),IF(C69="ZELAD",CONCATENATE(B69," - ",C69),CONCATENATE(B69," - ",(CONCATENATE(MID(C69,1,1),MID(D69,1,1),MID(E69,1,1),MID(F69,1,1),"/",MID(G69,1,1)))))) -> FC069 - LD-C/U | B69: FC069 | C69: LIMPADOR | D69: DIURNO | E69: - | F69: C - menos de 44h | G69: UNICO | H69: =IF(I69=0,"-",IF(J69=0,CONCATENATE("R",I69),CONCATENATE("R",I69,"/",J69))) -> Reduzido | I69: eduzido | K69: =VLOOKUP(B69,#REF!,2,FALSE()) -> #REF! | L69: =VLOOKUP(B69,#REF!,7,FALSE()) -> #REF! | M69: Roteiro ou Contagem | N69: N/A | O69: N/A | P69: SEM COBERT | Q69: =VLOOKUP(B69,#REF!,10,FALSE()) -> #REF! | R69: Seg a Sex- 13:00 às 17:00 e Sáb 08:00 às 12:00 - Intervalo: N/A - Pausa: N/A - Folga: Domi | S69: =U69+W69+Y69+AA69+AC69+AE69+AG69+AH69 -> 1 | T69: 13:00 às 17:00 | U69: 0.16666667 | V69: 13:00 às 17:00 | W69: 0.16666667 | X69: 13:00 às 17:00 | Y69: 0.16666667 | Z69: 13:00 às 17:00 | AA69: 0.16666667 | AB69: 13:00 às 17:00 | AC69: 0.16666667 | AD69: 08:00 às 12:00 | AE69: 0.16666667 | AF69: FOLGA | BN69: X
A70: =IF(C70="ENCAR",CONCATENATE(B70," - ",C70),IF(C70="ZELAD",CONCATENATE(B70," - ",C70),CONCATENATE(B70," - ",(CONCATENATE(MID(C70,1,1),MID(D70,1,1),MID(E70,1,1),MID(F70,1,1),"/",MID(G70,1,1)))))) -> AG057 - LD-C/U | B70: AG057 | C70: LIMPADOR | D70: DIURNO | E70: - | F70: C - menos de 44h | G70: UNICO | H70: =IF(I70=0,"-",IF(J70=0,CONCATENATE("R",I70),CONCATENATE("R",I70,"/",J70))) -> R.04/3 | I70: .04 | J70: 3 | K70: =VLOOKUP(B70,#REF!,2,FALSE()) -> #REF! | L70: =VLOOKUP(B70,#REF!,7,FALSE()) -> #REF! | M70: Roteiro ou Contagem | N70: N/A | O70: N/A | P70: SEM COBERT | Q70: =VLOOKUP(B70,#REF!,10,FALSE()) -> #REF! | R70: Seg à Sex - 13:30 às 17:30 - Intervalo: N/A - Pausa: N/A - Folga: Dom e Fer | S70: =U70+W70+Y70+AA70+AC70+AE70+AG70+AH70 -> 0.83333333 | T70: 13:00 às 17:00 | U70: 0.16666667 | V70: 13:00 às 17:00 | W70: 0.16666667 | X70: 13:00 às 17:00 | Y70: 0.16666667 | Z70: 13:00 às 17:00 | AA70: 0.16666667 | AB70: 13:00 às 17:00 | AC70: 0.16666667 | AD70: FOLGA | AF70: FOLGA | BN70: X
A71: =IF(C71="ENCAR",CONCATENATE(B71," - ",C71),IF(C71="ZELAD",CONCATENATE(B71," - ",C71),CONCATENATE(B71," - ",(CONCATENATE(MID(C71,1,1),MID(D71,1,1),MID(E71,1,1),MID(F71,1,1),"/",MID(G71,1,1)))))) -> FC067 - MD-B/2 | B71: FC067 | C71: MANUTENCIONISTA | D71: DIURNO | E71: - | F71: B - 44 horas | G71: 2 | H71: =IF(I71=0,"-",IF(J71=0,CONCATENATE("R",I71),CONCATENATE("R",I71,"/",J71))) -> - | K71: =VLOOKUP(B71,#REF!,2,FALSE()) -> #REF! | L71: =VLOOKUP(B71,#REF!,7,FALSE()) -> #REF! | M71: Cesta Gd | N71: N/A | O71: N/A | P71: SEM COBERT | Q71: =VLOOKUP(B71,#REF!,10,FALSE()) -> #REF! | R71: Seg - 14:00 às 18:00 / Ter à Sex 09:00 às 18:00 / Sáb - 08:00 às 17:00 - Intervalo: 13h - 14h - Pausa: N/A - Folga: Dom e Fer | S71: 1.8333333 | T71: 07:00 às 15:15 | U71: 0.30208333 | V71: 07:00 às 15:15 | W71: 0.30208333 | X71: 07:00 às 15:15 | Y71: 0.30208333 | Z71: 07:00 às 15:15 | AA71: 0.30208333 | AB71: 07:00 às 15:15 | AC71: 0.30208333 | AD71: 07:00 às 15:45 | AE71: 0.32291667 | AF71: FOLGA | BK71: X | BL71: X | BO71: X
A72: =IF(C72="ENCAR",CONCATENATE(B72," - ",C72),IF(C72="ZELAD",CONCATENATE(B72," - ",C72),CONCATENATE(B72," - ",(CONCATENATE(MID(C72,1,1),MID(D72,1,1),MID(E72,1,1),MID(F72,1,1),"/",MID(G72,1,1)))))) -> AG005 - PN-A/1 | B72: AG005 | C72: PORTEIRO | D72: NOTURNO | E72: - | F72: A - 12 por 36 | G72: 1 | H72: =IF(I72=0,"-",IF(J72=0,CONCATENATE("R",I72),CONCATENATE("R",I72,"/",J72))) -> - | K72: =VLOOKUP(B72,#REF!,2,FALSE()) -> #REF! | L72: =VLOOKUP(B72,#REF!,7,FALSE()) -> #REF! | M72: Cesta Gd | N72: N/A | O72: N/A | P72: COB ESCALA | Q72: =VLOOKUP(B72,#REF!,10,FALSE()) -> #REF! | R72: 12 por 36 - 19:00 às 07:00 - Intervalo: Pago todos as noites - Pausa: 04h - 04h15 - Folga: N/A | S72: 1.8333333 | T72: 19:00 às 07:00 | U72: 0.5 | X72: 19:00 às 07:00 | Y72: 0.5 | AB72: 19:00 às 07:00 | AC72: 0.5 | AF72: 19:00 às 07:00 | AG72: 0.5 | AI72: ESCALA PAR | AJ72: ESCALA IMPAR | AK72: ESCALA IMPAR | AL72: ESCALA PAR | AM72: ESCALA IMPAR | AN72: ESCALA IMPAR | AO72: ESCALA PAR | AP72: ESCALA PAR | AQ72: ESCALA IMPAR | AR72: ESCALA PAR | AS72: ESCALA IMPAR | AT72: ESCALA PAR | BP72: X
A73: =IF(C73="ENCAR",CONCATENATE(B73," - ",C73),IF(C73="ZELAD",CONCATENATE(B73," - ",C73),CONCATENATE(B73," - ",(CONCATENATE(MID(C73,1,1),MID(D73,1,1),MID(E73,1,1),MID(F73,1,1),"/",MID(G73,1,1)))))) -> AG005 - PN-A/2 | B73: AG005 | C73: PORTEIRO | D73: NOTURNO | E73: - | F73: A - 12 por 36 | G73: 2 | H73: =IF(I73=0,"-",IF(J73=0,CONCATENATE("R",I73),CONCATENATE("R",I73,"/",J73))) -> - | K73: =VLOOKUP(B73,#REF!,2,FALSE()) -> #REF! | L73: =VLOOKUP(B73,#REF!,7,FALSE()) -> #REF! | M73: Cesta Gd | N73: N/A | O73: N/A | P73: COB ESCALA | Q73: =VLOOKUP(B73,#REF!,10,FALSE()) -> #REF! | R73: 12 por 36 - 19:00 às 07:00 - Intervalo: Pago todos as noites - Pausa: 04h - 04h15 - Folga: N/A | S73: 1.8333333 | V73: 19:00 às 07:00 | W73: 0.5 | Z73: 19:00 às 07:00 | AA73: 0.5 | AD73: 19:00 às 07:00 | AE73: 0.5 | AI73: ESCALA IMPAR | AJ73: ESCALA PAR | AK73: ESCALA PAR | AL73: ESCALA IMPAR | AM73: ESCALA PAR | AN73: ESCALA PAR | AO73: ESCALA IMPAR | AP73: ESCALA IMPAR | AQ73: ESCALA PAR | AR73: ESCALA IMPAR | AS73: ESCALA PAR | AT73: ESCALA IMPAR | BP73: X
A74: =IF(C74="ENCAR",CONCATENATE(B74," - ",C74),IF(C74="ZELAD",CONCATENATE(B74," - ",C74),CONCATENATE(B74," - ",(CONCATENATE(MID(C74,1,1),MID(D74,1,1),MID(E74,1,1),MID(F74,1,1),"/",MID(G74,1,1)))))) -> AG023 - PN-A/2 | B74: AG023 | C74: PORTEIRO | D74: NOTURNO | E74: - | F74: A - 12 por 36 | G74: 2 | H74: =IF(I74=0,"-",IF(J74=0,CONCATENATE("R",I74),CONCATENATE("R",I74,"/",J74))) -> - | K74: =VLOOKUP(B74,#REF!,2,FALSE()) -> #REF! | L74: =VLOOKUP(B74,#REF!,7,FALSE()) -> #REF! | M74: Cesta Gd | N74: N/A | O74: N/A | P74: COB ESCALA | Q74: =VLOOKUP(B74,#REF!,10,FALSE()) -> #REF! | R74: 12 por 36 - 20:00 às 08:00 - Intervalo: 00h - 01h - Pausa: 04h - 04h15 - Folga: N/A | S74: 1.8333333 | V74: 20:00 às 8:00 | W74: 0.5 | Z74: 20:00 às 8:00 | AA74: 0.5 | AD74: 20:00 às 8:00 | AE74: 0.5 | AI74: ESCALA IMPAR | AJ74: ESCALA PAR | AK74: ESCALA PAR | AL74: ESCALA IMPAR | AM74: ESCALA PAR | AN74: ESCALA PAR | AO74: ESCALA IMPAR | AP74: ESCALA IMPAR | AQ74: ESCALA PAR | AR74: ESCALA IMPAR | AS74: ESCALA PAR | AT74: ESCALA IMPAR | BD74: ESCALA PAR | BE74: ESCALA PAR | BF74: ESCALA PAR | BG74: ESCALA PAR | BQ74: X
A75: =IF(C75="ENCAR",CONCATENATE(B75," - ",C75),IF(C75="ZELAD",CONCATENATE(B75," - ",C75),CONCATENATE(B75," - ",(CONCATENATE(MID(C75,1,1),MID(D75,1,1),MID(E75,1,1),MID(F75,1,1),"/",MID(G75,1,1)))))) -> AG023 - PN-A/1 | B75: AG023 | C75: PORTEIRO | D75: NOTURNO | E75: - | F75: A - 12 por 36 | G75: 1 | H75: =IF(I75=0,"-",IF(J75=0,CONCATENATE("R",I75),CONCATENATE("R",I75,"/",J75))) -> - | K75: =VLOOKUP(B75,#REF!,2,FALSE()) -> #REF! | L75: =VLOOKUP(B75,#REF!,7,FALSE()) -> #REF! | M75: Cesta Gd | N75: N/A | O75: N/A | P75: COB ESCALA | Q75: =VLOOKUP(B75,#REF!,10,FALSE()) -> #REF! | R75: 12 por 36 - 20:00 às 08:00 - Intervalo: 00h - 01h - Pausa: 04h - 04h15 - Folga: N/A | S75: 1.8333333 | T75: 20:00 às 8:00 | U75: 0.5 | X75: 20:00 às 8:00 | Y75: 0.5 | AB75: 20:00 às 8:00 | AC75: 0.5 | AF75: 20:00 às 8:00 | AG75: 0.5 | AI75: ESCALA PAR | AJ75: ESCALA IMPAR | AK75: ESCALA IMPAR | AL75: ESCALA PAR | AM75: ESCALA IMPAR | AN75: ESCALA IMPAR | AO75: ESCALA PAR | AP75: ESCALA PAR | AQ75: ESCALA IMPAR | AR75: ESCALA PAR | AS75: ESCALA IMPAR | AT75: ESCALA PAR | BQ75: X
A76: =IF(C76="ENCAR",CONCATENATE(B76," - ",C76),IF(C76="ZELAD",CONCATENATE(B76," - ",C76),CONCATENATE(B76," - ",(CONCATENATE(MID(C76,1,1),MID(D76,1,1),MID(E76,1,1),MID(F76,1,1),"/",MID(G76,1,1)))))) -> AG050 - PN-A/2 | B76: AG050 | C76: PORTEIRO | D76: NOTURNO | E76: - | F76: A - 12 por 36 | G76: 2 | H76: =IF(I76=0,"-",IF(J76=0,CONCATENATE("R",I76),CONCATENATE("R",I76,"/",J76))) -> - | K76: =VLOOKUP(B76,#REF!,2,FALSE()) -> #REF! | L76: =VLOOKUP(B76,#REF!,7,FALSE()) -> #REF! | M76: Cesta Gd | N76: N/A | O76: N/A | P76: COB ESCALA | Q76: =VLOOKUP(B76,#REF!,10,FALSE()) -> #REF! | R76: 12 por 36 - 20:00 às 08:00 - Intervalo: 00h - 01h - Pausa: 04h - 04h15 - Folga: N/A | S76: 1.8333333 | V76: 20:00 às 8:00 | W76: 0.5 | Z76: 20:00 às 8:00 | AA76: 0.5 | AD76: 20:00 às 8:00 | AE76: 0.5 | AG76: - | AI76: ESCALA IMPAR | AJ76: ESCALA PAR | AK76: ESCALA PAR | AL76: ESCALA IMPAR | AM76: ESCALA PAR | AN76: ESCALA PAR | AO76: ESCALA IMPAR | AP76: ESCALA IMPAR | AQ76: ESCALA PAR | AR76: ESCALA IMPAR | AS76: ESCALA PAR | AT76: ESCALA IMPAR | BQ76: X
A77: =IF(C77="ENCAR",CONCATENATE(B77," - ",C77),IF(C77="ZELAD",CONCATENATE(B77," - ",C77),CONCATENATE(B77," - ",(CONCATENATE(MID(C77,1,1),MID(D77,1,1),MID(E77,1,1),MID(F77,1,1),"/",MID(G77,1,1)))))) -> AG050 - PN-A/1 | B77: AG050 | C77: PORTEIRO | D77: NOTURNO | E77: - | F77: A - 12 por 36 | G77: 1 | H77: =IF(I77=0,"-",IF(J77=0,CONCATENATE("R",I77),CONCATENATE("R",I77,"/",J77))) -> - | K77: =VLOOKUP(B77,#REF!,2,FALSE()) -> #REF! | L77: =VLOOKUP(B77,#REF!,7,FALSE()) -> #REF! | M77: Cesta Gd | N77: N/A | O77: N/A | P77: COB ESCALA | Q77: =VLOOKUP(B77,#REF!,10,FALSE()) -> #REF! | R77: 12 por 36 - 20:00 às 08:00 - Intervalo: 00h - 01h - Pausa: 04h - 04h15 - Folga: N/A | S77: 1.8333333 | T77: 20:00 às 8:00 | U77: 0.5 | X77: 20:00 às 8:00 | Y77: 0.5 | AB77: 20:00 às 8:00 | AC77: 0.5 | AF77: 20:00 às 8:00 | AG77: 0.5 | AI77: ESCALA PAR | AJ77: ESCALA IMPAR | AK77: ESCALA IMPAR | AL77: ESCALA PAR | AM77: ESCALA IMPAR | AN77: ESCALA IMPAR | AO77: ESCALA PAR | AP77: ESCALA PAR | AQ77: ESCALA IMPAR | AR77: ESCALA PAR | AS77: ESCALA IMPAR | AT77: ESCALA PAR | BQ77: X
A78: =IF(C78="ENCAR",CONCATENATE(B78," - ",C78),IF(C78="ZELAD",CONCATENATE(B78," - ",C78),CONCATENATE(B78," - ",(CONCATENATE(MID(C78,1,1),MID(D78,1,1),MID(E78,1,1),MID(F78,1,1),"/",MID(G78,1,1)))))) -> AG004 - PN-B/U | B78: AG004 | C78: PORTEIRO | D78: NOTURNO | E78: - | F78: B - 44 horas | G78: UNICO | H78: =IF(I78=0,"-",IF(J78=0,CONCATENATE("R",I78),CONCATENATE("R",I78,"/",J78))) -> - | K78: =VLOOKUP(B78,#REF!,2,FALSE()) -> #REF! | L78: =VLOOKUP(B78,#REF!,7,FALSE()) -> #REF! | M78: Cesta Gd | N78: N/A | O78: N/A | P78: COB CONTRATO | Q78: =VLOOKUP(B78,#REF!,10,FALSE()) -> #REF! | R78: Seg à Dom - 22:00 às 06:20 - intervalo: 02h - 03h - Pausa: N/A - Folga: Quintas e 4º Dom | S78: =U78+W78+Y78+AA78+AC78+AE78+AG78+AH78 -> 1.8333333 | T78: 22:00 às 06:20 | U78: 0.30555556 | V78: 22:00 às 06:20 | W78: 0.30555556 | X78: 22:00 às 06:20 | Y78: 0.30555556 | Z78: FOLGA | AB78: 22:00 às 06:20 | AC78: 0.30555556 | AD78: 22:00 às 06:20 | AE78: 0.30555556 | AF78: 22:00 às 06:20 | AG78: 0.30555556 | BR78: X
A79: =IF(C79="ENCAR",CONCATENATE(B79," - ",C79),IF(C79="ZELAD",CONCATENATE(B79," - ",C79),CONCATENATE(B79," - ",(CONCATENATE(MID(C79,1,1),MID(D79,1,1),MID(E79,1,1),MID(F79,1,1),"/",MID(G79,1,1)))))) -> AG004 - PN-C/1 | B79: AG004 | C79: PORTEIRO | D79: NOTURNO | E79: - | F79: C - menos de 44h | G79: 1 | H79: =IF(I79=0,"-",IF(J79=0,CONCATENATE("R",I79),CONCATENATE("R",I79,"/",J79))) -> R.10/1 | I79: .10 | J79: 1 | K79: =VLOOKUP(B79,#REF!,2,FALSE()) -> #REF! | L79: =VLOOKUP(B79,#REF!,7,FALSE()) -> #REF! | M79: Roteiro ou Contagem | N79: N/A | O79: N/A | P79: COB CONTRATO | Q79: =VLOOKUP(B79,#REF!,10,FALSE()) -> #REF! | R79: Quintas - 22:00 às 06:20 - intervalo: 02h - 03h - Pausa: N/A - Folga: N/A | S79: =U79+W79+Y79+AA79+AC79+AE79+AG79+AH79 -> 0.30555556 | Z79: 22:00 às 06:20 | AA79: 0.30555556 | AQ79: ESCALA PAR | AR79: ESCALA PAR | AS79: ESCALA PAR | AT79: ESCALA PAR | BD79: ESCALA IMPAR | BE79: ESCALA PAR | BF79: ESCALA IMPAR | BG79: ESCALA PAR | BR79: X

Sheet Bernardo
A1: =IF(C1="ENCAR",CONCATENATE(B1," - ",C1),IF(C1="ZELAD",CONCATENATE(B1," - ",C1),CONCATENATE(B1," - ",(CONCATENATE(MID(C1,1,1),MID(D1,1,1),MID(E1,1,1),MID(F1,1,1),"/",MID(G1,1,1)))))) -> - / | H1: =IF(I1=0,"-",IF(J1=0,CONCATENATE("R",I1),CONCATENATE("R",I1,"/",J1))) -> - | K1: =VLOOKUP(B1,#REF!,2,FALSE()) -> #REF! | L1: =VLOOKUP(B1,#REF!,7,FALSE()) -> #REF! | Q1: =VLOOKUP(B1,#REF!,10,FALSE()) -> #REF!
B3: COD CLIENTE | C3: CATEGORIA DE POSTO | D3: TURNO | E3: CONDI ÇÃO | F3: TIPO ESCALA | G3: QUANT. | H3: ROTEIRO | K3: CONTRATO | L3: LOCALIZAÇÃO | M3: CESTA BASICA | N3: INSALUB / PERICULOSIDADE | O3: NR EXIGIDA | P3: FERIADOS | Q3: supervisor | R3: DESCRIÇÃO DA ESCALA - dia da semana + horario | S3: HORAS DIÁRIAS | T3: seg | V3: ter | X3: qua | Z3: qui | AB3: sex | AD3: sab | AF3: dom | AH3: translado | AI3: ESCALA JAN | AJ3: ESCALA FEV | AK3: ESCALA MAR | AL3: ESCALA ABR | AM3: ESCALA MAI | AN3: ESCALA JUN | AO3: ESCALA JUL | AP3: ESCALA AGO | AQ3: ESCALA SET | AR3: ESCALA OUT | AS3: ESCALA NOV | AT3: ESCALA DEZ | AV3: ESCALA JAN | AW3: ESCALA FEV | AX3: ESCALA MAR | AY3: ESCALA ABR | AZ3: ESCALA MAI | BA3: ESCALA JUN | BB3: ESCALA JUL | BC3: ESCALA AGO | BD3: ESCALA SET | BE3: ESCALA OUT | BF3: ESCALA NOV | BG3: ESCALA DEZ | BJ3: 06:00 às 07:00 | BK3: 07:00 às 08:00 | BL3: 08:00 às 09:00 | BM3: 09:00 às 10:00 | BN3: 11:00 às 12:00 | BO3: 12:00 às 13:00 | BP3: 13:00 às 14:00 | BQ3: 14:00 às 15:00 | BR3: 18:00 às 19:00 | BS3: 19:00 às 20:00 | BT3: 20:00 às 21:00 | BU3: 21:00 às 22:00
B4: z | H4: =IF(I4=0,"-",IF(J4=0,CONCATENATE("R",I4),CONCATENATE("R",I4,"/",J4))) -> - | K4: Coloque dados na planilha de disponibilidade | Q4: =VLOOKUP(B4,#REF!,14,FALSE()) -> #REF!
B5: z | H5: =IF(I5=0,"-",IF(J5=0,CONCATENATE("R",I5),CONCATENATE("R",I5,"/",J5))) -> - | K5: Indique que faz a cobertura | Q5: =VLOOKUP(B5,#REF!,14,FALSE()) -> #REF!
B6: z | H6: =IF(I6=0,"-",IF(J6=0,CONCATENATE("R",I6),CONCATENATE("R",I6,"/",J6))) -> - | K6: Movimente esse colaborador para a área de atestados | Q6: =VLOOKUP(B6,#REF!,14,FALSE()) -> #REF!
B7: z | H7: =IF(I7=0,"-",IF(J7=0,CONCATENATE("R",I7),CONCATENATE("R",I7,"/",J7))) -> - | K7: Retire esse colaborador da planilha de disponibilidade | Q7: =VLOOKUP(B7,#REF!,14,FALSE()) -> #REF!
B8: z | H8: =IF(I8=0,"-",IF(J8=0,CONCATENATE("R",I8),CONCATENATE("R",I8,"/",J8))) -> - | Q8: =VLOOKUP(B8,#REF!,14,FALSE()) -> #REF!
B9: R01 | H9: =IF(I9=0,"-",IF(J9=0,CONCATENATE("R",I9),CONCATENATE("R",I9,"/",J9))) -> R.01 | I9: .01 | L9: =VLOOKUP(B9,ROTEIRO!$B$1:$AH$201,4,FALSE()) -> #N/A | Q9: =VLOOKUP(B9,#REF!,14,FALSE()) -> #REF!
B10: R02 | H10: =IF(I10=0,"-",IF(J10=0,CONCATENATE("R",I10),CONCATENATE("R",I10,"/",J10))) -> R.02 | I10: .02 | L10: =VLOOKUP(B10,ROTEIRO!$B$2:$AH$201,4,FALSE()) -> #N/A | Q10: =VLOOKUP(B10,#REF!,14,FALSE()) -> #REF!
B11: R03 | H11: =IF(I11=0,"-",IF(J11=0,CONCATENATE("R",I11),CONCATENATE("R",I11,"/",J11))) -> R.03 | I11: .03 | L11: =VLOOKUP(B11,ROTEIRO!$B$2:$AH$201,4,FALSE()) -> R03/1 | Q11: =VLOOKUP(B11,#REF!,14,FALSE()) -> #REF!
B12: R04 | H12: =IF(I12=0,"-",IF(J12=0,CONCATENATE("R",I12),CONCATENATE("R",I12,"/",J12))) -> R.04 | I12: .04 | L12: =VLOOKUP(B12,ROTEIRO!$B$2:$AH$201,4,FALSE()) -> R04/1 | Q12: =VLOOKUP(B12,#REF!,14,FALSE()) -> #REF!
B13: MC002 | C13: PORTEIRO | D13: DIURNO | E13: - | F13: B - 44 horas | G13: UNICO | H13: =IF(I13=0,"-",IF(J13=0,CONCATENATE("R",I13),CONCATENATE("R",I13,"/",J13))) -> - | K13: =VLOOKUP(B13,#REF!,2,FALSE()) -> #REF! | L13: =VLOOKUP(B13,#REF!,7,FALSE()) -> #REF! | M13: Cesta Gd | N13: N/A | O13: N/A | P13: SEM COBERT | Q13: =VLOOKUP(B13,#REF!,10,FALSE()) -> #REF! | R13: Seg à Qui - 08:00 às 18:00 / Sex - 08:00 às 17:00 - Intervalo: 12h - 13h - Pausa: 17h - 17h15 - Folga: Sab e Dom | S13: =U13+W13+Y13+AA13+AC13+AE13+AG13+AH13 -> 1.8333333 | T13: 07:00 às 17:00 | U13: 0.375 | V13: 07:00 às 17:00 | W13: 0.375 | X13: 07:00 às 17:00 | Y13: 0.375 | Z13: 07:00 às 17:00 | AA13: 0.375 | AB13: 07:00 às 16:00 | AC13: 0.33333333 | AD13: FOLGA | AF13: FOLGA
B14: R05 | H14: =IF(I14=0,"-",IF(J14=0,CONCATENATE("R",I14),CONCATENATE("R",I14,"/",J14))) -> R.05 | I14: .05 | L14: =VLOOKUP(B14,ROTEIRO!$B$2:$AH$201,4,FALSE()) -> R05/1 | Q14: =VLOOKUP(B14,#REF!,14,FALSE()) -> #REF!
B15: R06 | H15: =IF(I15=0,"-",IF(J15=0,CONCATENATE("R",I15),CONCATENATE("R",I15,"/",J15))) -> R.06 | I15: .06 | L15: =VLOOKUP(B15,ROTEIRO!$B$2:$AH$201,4,FALSE()) -> R06/1 | Q15: =VLOOKUP(B15,#REF!,14,FALSE()) -> #REF!
B16: R07 | H16: =IF(I16=0,"-",IF(J16=0,CONCATENATE("R",I16),CONCATENATE("R",I16,"/",J16))) -> R.07 | I16: .07 | L16: =VLOOKUP(B16,ROTEIRO!$B$2:$AH$201,4,FALSE()) -> R07/1 | Q16: =VLOOKUP(B16,#REF!,14,FALSE()) -> #REF!
B17: AG007 | C17: LIMPADOR | D17: DIURNO | E17: - | F17: B - 44 horas | G17: UNICO | H17: =IF(I17=0,"-",IF(J17=0,CONCATENATE("R",I17),CONCATENATE("R",I17,"/",J17))) -> - | K17: =VLOOKUP(B17,#REF!,2,FALSE()) -> #REF! | L17: =VLOOKUP(B17,#REF!,7,FALSE()) -> #REF! | M17: Cesta Gd | N17: N/A | O17: N/A | P17: SEM COBERT | Q17: =VLOOKUP(B17,#REF!,10,FALSE()) -> #REF! | R17: Seg à Sex - 08:00 às 16:40 / Sáb - 08:00 às 14:40 - Intervalo: 12h - 13h - Pausa: N/A - Folga: Domingos | S17: =U17+W17+Y17+AA17+AC17+AE17+AG17+AH17 -> 1.8333333 | T17: 08:00 às 16:40 | U17: 0.31944444 | V17: 08:00 às 16:40 | W17: 0.31944444 | X17: 08:00 às 16:40 | Y17: 0.31944444 | Z17: 08:00 às 16:40 | AA17: 0.31944444 | AB17: 08:00 às 16:40 | AC17: 0.31944444 | AD17: 8:00 às 14:40 | AE17: 0.23611111 | AF17: FOLGA
B18: R08 | H18: =IF(I18=0,"-",IF(J18=0,CONCATENATE("R",I18),CONCATENATE("R",I18,"/",J18))) -> R.08 | I18: .08 | L18: =VLOOKUP(B18,ROTEIRO!$B$2:$AH$201,4,FALSE()) -> R08/1 | Q18: =VLOOKUP(B18,#REF!,14,FALSE()) -> #REF!
B19: R09 | H19: =IF(I19=0,"-",IF(J19=0,CONCATENATE("R",I19),CONCATENATE("R",I19,"/",J19))) -> R.09 | I19: .09 | L19: =VLOOKUP(B19,ROTEIRO!$B$2:$AH$201,4,FALSE()) -> R09/1 | Q19: =VLOOKUP(B19,#REF!,14,FALSE()) -> #REF!
B20: R10 | H20: =IF(I20=0,"-",IF(J20=0,CONCATENATE("R",I20),CONCATENATE("R",I20,"/",J20))) -> R.10 | I20: .10 | L20: =VLOOKUP(B20,ROTEIRO!$B$2:$AH$201,4,FALSE()) -> R10/1 | Q20: =VLOOKUP(B20,#REF!,14,FALSE()) -> #REF!
B21: AG062 | C21: ENCAR | H21: =IF(I21=0,"-",IF(J21=0,CONCATENATE("R",I21),CONCATENATE("R",I21,"/",J21))) -> - | K21: =VLOOKUP(B21,#REF!,2,FALSE()) -> #REF! | L21: =VLOOKUP(B21,#REF!,7,FALSE()) -> #REF! | M21: Cesta Gd | N21: N/A | O21: N/A | P21: COB MISTA | Q21: =VLOOKUP(B21,#REF!,10,FALSE()) -> #REF! | R21: Seg à Dom - 08:00 às 16:20 - Intervalo: 12h - 13h - Pausa: N/A - Folga: Sextas + 4º DOM | S21: 1.8333333 | T21: 08:00 às 16:20 | U21: 0.30555556 | V21: 08:00 às 16:20 | W21: 0.30555556 | X21: 08:00 às 16:20 | Y21: 0.30555556 | Z21: 08:00 às 16:20 | AA21: 0.30555556 | AB21: FOLGA | AD21: 08:00 às 16:20 | AE21: 0.30555556 | AF21: 08:00 às 16:20 | AG21: 0.30555556
B22: R11 | H22: =IF(I22=0,"-",IF(J22=0,CONCATENATE("R",I22),CONCATENATE("R",I22,"/",J22))) -> R.11 | I22: .11 | L22: =VLOOKUP(B22,ROTEIRO!$B$2:$AH$201,4,FALSE()) -> R11/1 | Q22: =VLOOKUP(B22,#REF!,14,FALSE()) -> #REF!
B23: R12 | H23: =IF(I23=0,"-",IF(J23=0,CONCATENATE("R",I23),CONCATENATE("R",I23,"/",J23))) -> R.12 | I23: .12 | L23: =VLOOKUP(B23,ROTEIRO!$B$2:$AH$201,4,FALSE()) -> R12/1 | Q23: =VLOOKUP(B23,#REF!,14,FALSE()) -> #REF!
B24: FC001a | C24: LIMPADOR | D24: DIURNO | E24: - | F24: B - 44 horas | G24: UNICO | H24: =IF(I24=0,"-",IF(J24=0,CONCATENATE("R",I24),CONCATENATE("R",I24,"/",J24))) -> - | K24: =VLOOKUP(B24,#REF!,2,FALSE()) -> #REF! | L24: =VLOOKUP(B24,#REF!,7,FALSE()) -> #REF! | M24: Cesta Gd | N24: N/A | O24: N/A | P24: SEM COBERT | Q24: =VLOOKUP(B24,#REF!,10,FALSE()) -> #REF! | R24: Seg à Sex - 07:12 às 17:00 - Intervalo: 11:30h - 12:30 - Pausa: N/A - Folga: Sáb e Dom | S24: 1.8333333 | T24: 07:12 às 17:00 | U24: 0.325 | V24: 07:12 às 17:00 | W24: 0.325 | X24: 07:12 às 17:00 | Y24: 0.325 | Z24: 07:12 às 17:00 | AA24: 0.325 | AB24: 07:12 às 17:00 | AC24: 0.325 | AD24: FOLGA | AF24: FOLGA
B25: FC001b | C25: LIMPADOR | D25: DIURNO | E25: - | F25: B - 44 horas | G25: UNICO | H25: =IF(I25=0,"-",IF(J25=0,CONCATENATE("R",I25),CONCATENATE("R",I25,"/",J25))) -> - | K25: =VLOOKUP(B25,#REF!,2,FALSE()) -> #REF! | L25: =VLOOKUP(B25,#REF!,7,FALSE()) -> #REF! | M25: Cesta Gd | N25: N/A | O25: N/A | P25: SEM COBERT | Q25: =VLOOKUP(B25,#REF!,10,FALSE()) -> #REF! | R25: Seg à Sex - 07:12 às 17:00 - Intervalo: 11:30h - 12:30 - Pausa: N/A - Folga: Sáb e Dom | S25: 1.8333333 | T25: 07:12 às 17:00 | U25: 0.325 | V25: 07:12 às 17:00 | W25: 0.325 | X25: 07:12 às 17:00 | Y25: 0.325 | Z25: 07:12 às 17:00 | AA25: 0.325 | AB25: 07:12 às 17:00 | AC25: 0.325 | AD25: FOLGA | AF25: FOLGA
B26: R13 | H26: =IF(I26=0,"-",IF(J26=0,CONCATENATE("R",I26),CONCATENATE("R",I26,"/",J26))) -> R.13 | I26: .13 | L26: =VLOOKUP(B26,ROTEIRO!$B$2:$AH$201,4,FALSE()) -> R13/1 | Q26: =VLOOKUP(B26,#REF!,14,FALSE()) -> #REF!
B27: R14 | H27: =IF(I27=0,"-",IF(J27=0,CONCATENATE("R",I27),CONCATENATE("R",I27,"/",J27))) -> R.14 | I27: .14 | L27: =VLOOKUP(B27,ROTEIRO!$B$2:$AH$201,4,FALSE()) -> R14/1 | Q27: =VLOOKUP(B27,#REF!,14,FALSE()) -> #REF!
B28: R15 | H28: =IF(I28=0,"-",IF(J28=0,CONCATENATE("R",I28),CONCATENATE("R",I28,"/",J28))) -> R.15 | I28: .15 | L28: =VLOOKUP(B28,ROTEIRO!$B$2:$AH$201,4,FALSE()) -> R15/1 | Q28: =VLOOKUP(B28,#REF!,14,FALSE()) -> #REF!
B29: AG065 | C29: LIMPADOR | D29: DIURNO | E29: - | F29: B - 44 horas | G29: UNICO | H29: =IF(I29=0,"-",IF(J29=0,CONCATENATE("R",I29),CONCATENATE("R",I29,"/",J29))) -> - | K29: =VLOOKUP(B29,#REF!,2,FALSE()) -> #REF! | L29: =VLOOKUP(B29,#REF!,7,FALSE()) -> #REF! | Q29: =VLOOKUP(B29,#REF!,10,FALSE()) -> #REF! | R29: Seg à Sáb - 08:20 às 16:40 - intervalo: 13h - 14h - Pausa: N/A - Folga: Domingo | S29: 1.8333333 | T29: 08:20 às 16:40 | U29: 0.30555556 | V29: 08:20 às 16:40 | W29: 0.30555556 | X29: 08:20 às 16:40 | Y29: 0.30555556 | Z29: 08:20 às 16:40 | AA29: 0.30555556 | AB29: 08:20 às 16:40 | AC29: 0.30555556 | AD29: 08:20 às 16:40 | AE29: 0.30555556
B30: R16 | H30: =IF(I30=0,"-",IF(J30=0,CONCATENATE("R",I30),CONCATENATE("R",I30,"/",J30))) -> R.16 | I30: .16 | L30: =VLOOKUP(B30,ROTEIRO!$B$2:$AH$201,4,FALSE()) -> R16/1 | Q30: =VLOOKUP(B30,#REF!,14,FALSE()) -> #REF!
B31: R17 | H31: =IF(I31=0,"-",IF(J31=0,CONCATENATE("R",I31),CONCATENATE("R",I31,"/",J31))) -> R.17 | I31: .17 | L31: =VLOOKUP(B31,ROTEIRO!$B$2:$AH$201,4,FALSE()) -> 0 | Q31: =VLOOKUP(B31,#REF!,14,FALSE()) -> #REF!
B32: R18 | H32: =IF(I32=0,"-",IF(J32=0,CONCATENATE("R",I32),CONCATENATE("R",I32,"/",J32))) -> R.18 | I32: .18 | L32: =VLOOKUP(B32,ROTEIRO!$B$2:$AH$201,4,FALSE()) | Q32: =VLOOKUP(B32,#REF!,14,FALSE()) -> #REF!
B33: R19 | H33: =IF(I33=0,"-",IF(J33=0,CONCATENATE("R",I33),CONCATENATE("R",I33,"/",J33))) -> R.19 | I33: .19 | L33: =VLOOKUP(B33,ROTEIRO!$B$2:$AH$201,4,FALSE()) | Q33: =VLOOKUP(B33,#REF!,14,FALSE()) -> #REF!
B34: R20 | H34: =IF(I34=0,"-",IF(J34=0,CONCATENATE("R",I34),CONCATENATE("R",I34,"/",J34))) -> R.20 | I34: .20 | L34: =VLOOKUP(B34,ROTEIRO!$B$2:$AH$201,4,FALSE()) | Q34: =VLOOKUP(B34,#REF!,14,FALSE()) -> #REF!
K35: =COUNTIF(K24:K117,"<>0") -> 59
A36: =IF(C36="ENCAR",CONCATENATE(B36," - ",C36),IF(C36="ZELAD",CONCATENATE(B36," - ",C36),CONCATENATE(B36," - ",(CONCATENATE(MID(C36,1,1),MID(D36,1,1),MID(E36,1,1),MID(F36,1,1),"/",MID(G36,1,1)))))) -> MC002 - LD-B/U | B36: MC002 | C36: LIMPADOR | D36: DIURNO | E36: - | F36: B - 44 horas | G36: UNICO | H36: =IF(I36=0,"-",IF(J36=0,CONCATENATE("R",I36),CONCATENATE("R",I36,"/",J36))) -> - | K36: =VLOOKUP(B36,#REF!,2,FALSE()) -> #REF! | L36: =VLOOKUP(B36,#REF!,7,FALSE()) -> #REF! | M36: Cesta Gd | N36: N/A | O36: N/A | P36: SEM COBERT | Q36: =VLOOKUP(B36,#REF!,10,FALSE()) -> #REF! | R36: Seg à Qui - 06:30 às 16:30 / Sex - 06:30 às 15:30 - Intervalo: 11h - 12h - Pausa: 16h - 16h15 - Folga: Sab e Dom | S36: =U36+W36+Y36+AA36+AC36+AE36+AG36+AH36 -> 1.8333333 | T36: 07:00 às 17:00 | U36: 0.375 | V36: 07:00 às 17:00 | W36: 0.375 | X36: 07:00 às 17:00 | Y36: 0.375 | Z36: 07:00 às 17:00 | AA36: 0.375 | AB36: 07:00 às 16:00 | AC36: 0.33333333 | AD36: FOLGA | AF36: FOLGA | BJ36: X
A37: =IF(C37="ENCAR",CONCATENATE(B37," - ",C37),IF(C37="ZELAD",CONCATENATE(B37," - ",C37),CONCATENATE(B37," - ",(CONCATENATE(MID(C37,1,1),MID(D37,1,1),MID(E37,1,1),MID(F37,1,1),"/",MID(G37,1,1)))))) -> MC002 - PN-A/1 | B37: MC002 | C37: PORTEIRO | D37: NOTURNO | E37: - | F37: A - 12 por 36 | G37: 1 | H37: =IF(I37=0,"-",IF(J37=0,CONCATENATE("R",I37),CONCATENATE("R",I37,"/",J37))) -> - | K37: =VLOOKUP(B37,#REF!,2,FALSE()) -> #REF! | L37: =VLOOKUP(B37,#REF!,7,FALSE()) -> #REF! | M37: Cesta Gd | N37: N/A | O37: N/A | P37: COB ESCALA | Q37: =VLOOKUP(B37,#REF!,10,FALSE()) -> #REF! | R37: 12 por 36 - 19:00 às 07:00 - Intervalo: 00h - 01h - Pausa: 04h - 04h15 - Folga: N/A | S37: 1.8333333 | T37: 20:00 às 8:00 | U37: 0.5 | X37: 20:00 às 8:00 | Y37: 0.5 | AB37: 20:00 às 8:00 | AC37: 0.5 | AF37: 20:00 às 8:00 | AG37: 0.5 | AI37: ESCALA PAR | AJ37: ESCALA IMPAR | AK37: ESCALA IMPAR | AL37: ESCALA PAR | AM37: ESCALA IMPAR | AN37: ESCALA IMPAR | AO37: ESCALA PAR | AP37: ESCALA PAR | AQ37: ESCALA IMPAR | AR37: ESCALA PAR | AS37: ESCALA IMPAR | AT37: ESCALA PAR | BJ37: X
A38: =IF(C38="ENCAR",CONCATENATE(B38," - ",C38),IF(C38="ZELAD",CONCATENATE(B38," - ",C38),CONCATENATE(B38," - ",(CONCATENATE(MID(C38,1,1),MID(D38,1,1),MID(E38,1,1),MID(F38,1,1),"/",MID(G38,1,1)))))) -> MC002 - PN-A/2 | B38: MC002 | C38: PORTEIRO | D38: NOTURNO | E38: - | F38: A - 12 por 36 | G38: 2 | H38: =IF(I38=0,"-",IF(J38=0,CONCATENATE("R",I38),CONCATENATE("R",I38,"/",J38))) -> - | K38: =VLOOKUP(B38,#REF!,2,FALSE()) -> #REF! | L38: =VLOOKUP(B38,#REF!,7,FALSE()) -> #REF! | M38: Cesta Gd | N38: N/A | O38: N/A | P38: COB ESCALA | Q38: =VLOOKUP(B38,#REF!,10,FALSE()) -> #REF! | R38: 12 por 36 - 19:00 às 07:00 - Intervalo: 00h - 01h - Pausa: 04h - 04h15 - Folga: N/A | S38: 1.8333333 | V38: 20:00 às 8:00 | W38: 0.5 | Z38: 20:00 às 8:00 | AA38: 0.5 | AD38: 20:00 às 8:00 | AE38: 0.5 | AI38: ESCALA IMPAR | AJ38: ESCALA PAR | AK38: ESCALA PAR | AL38: ESCALA IMPAR | AM38: ESCALA PAR | AN38: ESCALA PAR | AO38: ESCALA IMPAR | AP38: ESCALA IMPAR | AQ38: ESCALA PAR | AR38: ESCALA IMPAR | AS38: ESCALA PAR | AT38: ESCALA IMPAR | BD38: ESCALA IMPAR | BE38: ESCALA PAR | BF38: ESCALA IMPAR | BG38: ESCALA PAR | BJ38: X
A39: =IF(C39="ENCAR",CONCATENATE(B39," - ",C39),IF(C39="ZELAD",CONCATENATE(B39," - ",C39),CONCATENATE(B39," - ",(CONCATENATE(MID(C39,1,1),MID(D39,1,1),MID(E39,1,1),MID(F39,1,1),"/",MID(G39,1,1)))))) -> AG008 - PD-C/1 | B39: AG008 | C39: PORTEIRO | D39: DIURNO | E39: - | F39: C - menos de 44h | G39: 1 | H39: =IF(I39=0,"-",IF(J39=0,CONCATENATE("R",I39),CONCATENATE("R",I39,"/",J39))) -> R.15/6 | I39: .15 | J39: 6 | K39: =VLOOKUP(B39,#REF!,2,FALSE()) -> #REF! | L39: =VLOOKUP(B39,#REF!,7,FALSE()) -> #REF! | M39: Roteiro ou Contagem | N39: N/A | O39: N/A | P39: COB CONTRATO | Q39: =VLOOKUP(B39,#REF!,10,FALSE()) -> #REF! | R39: Dom - 07:00 às 19:00 - Intervalo: 11h - 12h - Pausa: 16h - 16h15 - Folga: 7º Dom | S39: =U39+W39+Y39+AA39+AC39+AE39+AG39+AH39 -> 0.5 | AF39: 07:00 às 19:00 | AG39: 0.5 | AQ39: ESCALA PAR | AR39: ESCALA PAR | AS39: ESCALA PAR | AT39: ESCALA PAR | BK39: X
A40: =IF(C40="ENCAR",CONCATENATE(B40," - ",C40),IF(C40="ZELAD",CONCATENATE(B40," - ",C40),CONCATENATE(B40," - ",(CONCATENATE(MID(C40,1,1),MID(D40,1,1),MID(E40,1,1),MID(F40,1,1),"/",MID(G40,1,1)))))) -> AG008 - LD-B/U | B40: AG008 | C40: LIMPADOR | D40: DIURNO | E40: - | F40: B - 44 horas | G40: UNICO | H40: =IF(I40=0,"-",IF(J40=0,CONCATENATE("R",I40),CONCATENATE("R",I40,"/",J40))) -> - | K40: =VLOOKUP(B40,#REF!,2,FALSE()) -> #REF! | L40: =VLOOKUP(B40,#REF!,7,FALSE()) -> #REF! | M40: Cesta Gd | N40: N/A | O40: N/A | P40: SEM COBERT | Q40: =VLOOKUP(B40,#REF!,10,FALSE()) -> #REF! | R40: Seg à Sex - 07:30 às 16:30 / Sáb - 07:30 às 11:30 - Intervalo: 12h - 13h - Pausa: N/A - Folga: Domingos | S40: 1.8333333 | T40: 07:30 às 16:30 | U40: 0.33333333 | V40: 07:30 às 16:30 | W40: 0.33333333 | X40: 07:30 às 16:30 | Y40: 0.33333333 | Z40: 07:30 às 16:30 | AA40: 0.33333333 | AB40: 07:30 às 16:30 | AC40: 0.33333333 | AD40: 07:30 às 11:30 | AE40: 0.16666667 | BK40: X
A41: =IF(C41="ENCAR",CONCATENATE(B41," - ",C41),IF(C41="ZELAD",CONCATENATE(B41," - ",C41),CONCATENATE(B41," - ",(CONCATENATE(MID(C41,1,1),MID(D41,1,1),MID(E41,1,1),MID(F41,1,1),"/",MID(G41,1,1)))))) -> AG008 - PD-C/2 | B41: AG008 | C41: PORTEIRO | D41: DIURNO | E41: - | F41: C - menos de 44h | G41: 2 | H41: =IF(I41=0,"-",IF(J41=0,CONCATENATE("R",I41),CONCATENATE("R",I41,"/",J41))) -> R.15/2 | I41: .15 | J41: 2 | K41: =VLOOKUP(B41,#REF!,2,FALSE()) -> #REF! | L41: =VLOOKUP(B41,#REF!,7,FALSE()) -> #REF! | M41: Roteiro ou Contagem | N41: N/A | O41: N/A | P41: COB CONTRATO | Q41: =VLOOKUP(B41,#REF!,10,FALSE()) -> #REF! | R41: Seg à Sex - 09:00 às 18:00 - Intervalo: 13h - 14h - Pausa: N/A - Folga: Sáb, Dom e Fer | S41: =U41+W41+Y41+AA41+AC41+AE41+AG41+AH41 -> 1.6666667 | T41: 09:00 às 18:00 | U41: 0.33333333 | V41: 09:00 às 18:00 | W41: 0.33333333 | X41: 09:00 às 18:00 | Y41: 0.33333333 | Z41: 09:00 às 18:00 | AA41: 0.33333333 | AB41: 09:00 às 18:00 | AC41: 0.33333333 | AD41: FOLGA | AF41: FOLGA | BK41: X
A42: =IF(C42="ENCAR",CONCATENATE(B42," - ",C42),IF(C42="ZELAD",CONCATENATE(B42," - ",C42),CONCATENATE(B42," - ",(CONCATENATE(MID(C42,1,1),MID(D42,1,1),MID(E42,1,1),MID(F42,1,1),"/",MID(G42,1,1)))))) -> AG008 - PN-C/U | B42: AG008 | C42: PORTEIRO | D42: NOTURNO | E42: - | F42: C - menos de 44h | G42: UNICO | H42: =IF(I42=0,"-",IF(J42=0,CONCATENATE("R",I42),CONCATENATE("R",I42,"/",J42))) -> Reduzido | I42: eduzido | K42: =VLOOKUP(B42,#REF!,2,FALSE()) -> #REF! | L42: =VLOOKUP(B42,#REF!,7,FALSE()) -> #REF! | M42: Cesta Pq | N42: N/A | O42: N/A | P42: COB CONTRATO | Q42: =VLOOKUP(B42,#REF!,10,FALSE()) -> #REF! | R42: Sáb - 18:00 às 07:00 / Dom e Feriados - 19:00 às 07:00 - Intervalo: 22h - 23h - Pausa: 03h - 03h15 - Folga: N/A | S42: =U42+W42+Y42+AA42+AC42+AE42+AG42+AH42 -> 1.0416667 | AD42: 18:00 às 07:00 | AE42: 0.54166667 | AF42: 19:00 às 07:00 | AG42: 0.5 | BK42: X
A43: =IF(C43="ENCAR",CONCATENATE(B43," - ",C43),IF(C43="ZELAD",CONCATENATE(B43," - ",C43),CONCATENATE(B43," - ",(CONCATENATE(MID(C43,1,1),MID(D43,1,1),MID(E43,1,1),MID(F43,1,1),"/",MID(G43,1,1)))))) -> AG009a - LD-C/1 | B43: AG009a | C43: LIMPADOR | D43: DIURNO | E43: - | F43: C - menos de 44h | G43: 1 | H43: =IF(I43=0,"-",IF(J43=0,CONCATENATE("R",I43),CONCATENATE("R",I43,"/",J43))) -> R.01/3 | I43: .01 | J43: 3 | K43: =VLOOKUP(B43,#REF!,2,FALSE()) -> #REF! | L43: =VLOOKUP(B43,#REF!,7,FALSE()) -> #REF! | M43: Roteiro ou Contagem | N43: 20% INSALUB | O43: NR32 | P43: SEM COBERT | Q43: =VLOOKUP(B43,#REF!,10,FALSE()) -> #REF! | R43: Seg à Sex - 14:00 às 16:00 / Sáb - 10:00 às 12:00- Intervalo: N/A - Pausa: N/A - Folga: N/A | S43: =U43+W43+Y43+AA43+AC43+AE43+AG43+AH43 -> 0.41666667 | T43: 14:00 às 16:00 | U43: 0.083333333 | V43: 14:00 às 16:00 | W43: 0.083333333 | X43: 14:00 às 16:00 | Y43: 0.083333333 | Z43: 14:00 às 16:00 | AA43: 0.083333333 | AB43: 14:00 às 16:00 | AC43: 0.083333333 | AD43: FOLGA | AF43: FOLGA | BK43: X
A44: =IF(C44="ENCAR",CONCATENATE(B44," - ",C44),IF(C44="ZELAD",CONCATENATE(B44," - ",C44),CONCATENATE(B44," - ",(CONCATENATE(MID(C44,1,1),MID(D44,1,1),MID(E44,1,1),MID(F44,1,1),"/",MID(G44,1,1)))))) -> AG009b - LD-B/U | B44: AG009b | C44: LIMPADOR | D44: DIURNO | E44: - | F44: B - 44 horas | G44: UNICO | H44: =IF(I44=0,"-",IF(J44=0,CONCATENATE("R",I44),CONCATENATE("R",I44,"/",J44))) -> - | K44: =VLOOKUP(B44,#REF!,2,FALSE()) -> #REF! | L44: =VLOOKUP(B44,#REF!,7,FALSE()) -> #REF! | M44: Cesta Gd | N44: 20% INSALUB | O44: NR32 | P44: SEM COBERT | Q44: =VLOOKUP(B44,#REF!,10,FALSE()) -> #REF! | R44: Seg à Sex - 07:00 às 16:00 / Sáb - 07:00 às 11:00 - Intervalo: 12h - 13h - Pausa: N/A - Folga: Domingos | S44: =U44+W44+Y44+AA44+AC44+AE44+AG44+AH44 -> 1.8333333 | T44: 07:00 às 16:00 | U44: 0.33333333 | V44: 07:00 às 16:00 | W44: 0.33333333 | X44: 07:00 às 16:00 | Y44: 0.33333333 | Z44: 07:00 às 16:00 | AA44: 0.33333333 | AB44: 07:00 às 16:00 | AC44: 0.33333333 | AD44: 7:00 às 11:00 | AE44: 0.16666667 | AF44: FOLGA | BK44: X
A45: =IF(C45="ENCAR",CONCATENATE(B45," - ",C45),IF(C45="ZELAD",CONCATENATE(B45," - ",C45),CONCATENATE(B45," - ",(CONCATENATE(MID(C45,1,1),MID(D45,1,1),MID(E45,1,1),MID(F45,1,1),"/",MID(G45,1,1)))))) -> AG009j - LD-B/U | B45: AG009j | C45: LIMPADOR | D45: DIURNO | E45: - | F45: B - 44 horas | G45: UNICO | H45: =IF(I45=0,"-",IF(J45=0,CONCATENATE("R",I45),CONCATENATE("R",I45,"/",J45))) -> - | K45: =VLOOKUP(B45,#REF!,2,FALSE()) -> #REF! | L45: PETRÓPOLIS | M45: Cesta Gd | N45: 20% INSALUB | O45: NR32 | P45: SEM COBERT | Q45: =VLOOKUP(B45,#REF!,10,FALSE()) -> #REF! | R45: Seg à Qui - 06:30 às 15:30 / Sex - 06:30 às 14:30 / Sáb - 07:00 às 11:00 - Intervalo: 12h - 13h - Pausa: N/A - Folga: Domingos | S45: =U45+W45+Y45+AA45+AC45+AE45+AG45+AH45 -> 1.8333333 | T45: 07:00 às 16:00 | U45: 0.33333333 | V45: 07:00 às 16:00 | W45: 0.33333333 | X45: 07:00 às 16:00 | Y45: 0.33333333 | Z45: 07:00 às 16:00 | AA45: 0.33333333 | AB45: 07:00 às 16:00 | AC45: 0.33333333 | AD45: 7:00 às 11:00 | AE45: 0.16666667 | AF45: FOLGA | BK45: X
A46: =IF(C46="ENCAR",CONCATENATE(B46," - ",C46),IF(C46="ZELAD",CONCATENATE(B46," - ",C46),CONCATENATE(B46," - ",(CONCATENATE(MID(C46,1,1),MID(D46,1,1),MID(E46,1,1),MID(F46,1,1),"/",MID(G46,1,1)))))) -> AG009c - LD-C/2 | B46: AG009c | C46: LIMPADOR | D46: DIURNO | E46: - | F46: C - menos de 44h | G46: 2 | H46: =IF(I46=0,"-",IF(J46=0,CONCATENATE("R",I46),CONCATENATE("R",I46,"/",J46))) -> R.13/2 | I46: .13 | J46: 2 | K46: =VLOOKUP(B46,#REF!,2,FALSE()) -> #REF! | L46: =VLOOKUP(B46,#REF!,7,FALSE()) -> #REF! | M46: Roteiro ou Contagem | N46: 20% INSALUB | O46: NR32 | P46: SEM COBERT | Q46: =VLOOKUP(B46,#REF!,10,FALSE()) -> #REF! | R46: Sáb - 09:00 às 11:00 - Intervalo: N/A - Pausa: N/A - Folga: N/A | S46: 0.083333333 | AD46: 09:00 às 11:00 | AE46: 0.083333333 | AF46: FOLGA | BK46: X
A47: =IF(C47="ENCAR",CONCATENATE(B47," - ",C47),IF(C47="ZELAD",CONCATENATE(B47," - ",C47),CONCATENATE(B47," - ",(CONCATENATE(MID(C47,1,1),MID(D47,1,1),MID(E47,1,1),MID(F47,1,1),"/",MID(G47,1,1)))))) -> AG009c - LD-C/1 | B47: AG009c | C47: LIMPADOR | D47: DIURNO | E47: - | F47: C - menos de 44h | G47: 1 | H47: =IF(I47=0,"-",IF(J47=0,CONCATENATE("R",I47),CONCATENATE("R",I47,"/",J47))) -> R.08/2 | I47: .08 | J47: 2 | K47: =VLOOKUP(B47,#REF!,2,FALSE()) -> #REF! | L47: =VLOOKUP(B47,#REF!,7,FALSE()) -> #REF! | M47: Roteiro ou Contagem | N47: 20% INSALUB | O47: NR32 | P47: SEM COBERT | Q47: =VLOOKUP(B47,#REF!,10,FALSE()) -> #REF! | R47: Seg à Sex - 13:45 às 15:45 - Intervalo: N/A - Pausa: N/A - Folga: N/A | S47: =U47+W47+Y47+AA47+AC47+AE47+AG47+AH47 -> 0.41666667 | T47: 13:45 ás 15:45 | U47: 0.083333333 | V47: 13:45 às 15:45 | W47: 0.083333333 | X47: 13:45 às 15:45 | Y47: 0.083333333 | Z47: 13:45 às 15:45 | AA47: 0.083333333 | AB47: 13:45 às 15:45 | AC47: 0.083333333 | AF47: FOLGA | BK47: X
A48: =IF(C48="ENCAR",CONCATENATE(B48," - ",C48),IF(C48="ZELAD",CONCATENATE(B48," - ",C48),CONCATENATE(B48," - ",(CONCATENATE(MID(C48,1,1),MID(D48,1,1),MID(E48,1,1),MID(F48,1,1),"/",MID(G48,1,1)))))) -> AG009r - LD-C/U | B48: AG009r | C48: LIMPADOR | D48: DIURNO | E48: - | F48: C - menos de 44h | G48: UNICO | H48: =IF(I48=0,"-",IF(J48=0,CONCATENATE("R",I48),CONCATENATE("R",I48,"/",J48))) -> Reduzido | I48: eduzido | K48: =VLOOKUP(B48,#REF!,2,FALSE()) -> #REF! | L48: =VLOOKUP(B48,#REF!,7,FALSE()) -> #REF! | M48: Cesta Pq | N48: 20% INSALUB | O48: NR32 | P48: SEM COBERT | Q48: =VLOOKUP(B48,#REF!,10,FALSE()) -> #REF! | R48: Seg à Sáb - 07:00 às 12:00 - Intervalo: N/A - Pausa: N/A - Folga: Domingo | S48: =U48+W48+Y48+AA48+AC48+AE48+AG48+AH48 -> 1.25 | T48: 07:00 às 12:00 | U48: 0.20833333 | V48: 07:00 às 12:00 | W48: 0.20833333 | X48: 07:00 às 12:00 | Y48: 0.20833333 | Z48: 07:00 às 12:00 | AA48: 0.20833333 | AB48: 07:00 às 12:00 | AC48: 0.20833333 | AD48: 07:00 às 12:00 | AE48: 0.20833333 | AF48: FOLGA | AV48: ESCALA IMPAR | AW48: ESCALA PAR | AX48: ESCALA PAR | AY48: ESCALA IMPAR | AZ48: ESCALA PAR | BA48: ESCALA PAR | BB48: ESCALA IMPAR | BC48: ESCALA IMPAR | BD48: ESCALA PAR | BE48: ESCALA IMPAR | BF48: ESCALA PAR | BG48: ESCALA IMPAR | BK48: X
A49: =IF(C49="ENCAR",CONCATENATE(B49," - ",C49),IF(C49="ZELAD",CONCATENATE(B49," - ",C49),CONCATENATE(B49," - ",(CONCATENATE(MID(C49,1,1),MID(D49,1,1),MID(E49,1,1),MID(F49,1,1),"/",MID(G49,1,1)))))) -> AG009d - LD-C/U | B49: AG009d | C49: LIMPADOR | D49: DIURNO | E49: - | F49: C - menos de 44h | G49: UNICO | H49: =IF(I49=0,"-",IF(J49=0,CONCATENATE("R",I49),CONCATENATE("R",I49,"/",J49))) -> R.08/1 | I49: .08 | J49: 1 | K49: =VLOOKUP(B49,#REF!,2,FALSE()) -> #REF! | L49: =VLOOKUP(B49,#REF!,7,FALSE()) -> #REF! | M49: Roteiro ou Contagem | N49: 20% INSALUB | O49: NR32 | P49: SEM COBERT | Q49: =VLOOKUP(B49,#REF!,10,FALSE()) -> #REF! | R49: Seg à Sáb - 07:00 às 12:00 - Intervalo: N/A - Pausa: N/A - Folga: N/A | S49: =U49+W49+Y49+AA49+AC49+AE49+AG49+AH49 -> 1.40625 | T49: 07:00 às 12:00 | U49: 0.20833333 | V49: 07:00 às 12:00 | W49: 0.20833333 | X49: 07:00 às 12:00 | Y49: 0.20833333 | Z49: 07:00 às 12:00 | AA49: 0.20833333 | AB49: 07:00 às 12:00 | AC49: 0.20833333 | AD49: 07:00 às 12:00 | AE49: 0.20833333 | AF49: FOLGA | AH49: 0.15625 | AV49: ESCALA PAR | AW49: ESCALA IMPAR | AX49: ESCALA IMPAR | AY49: ESCALA PAR | AZ49: ESCALA IMPAR | BA49: ESCALA IMPAR | BB49: ESCALA PAR | BC49: ESCALA PAR | BD49: ESCALA IMPAR | BE49: ESCALA PAR | BF49: ESCALA IMPAR | BG49: ESCALA PAR | BK49: X
A50: =IF(C50="ENCAR",CONCATENATE(B50," - ",C50),IF(C50="ZELAD",CONCATENATE(B50," - ",C50),CONCATENATE(B50," - ",(CONCATENATE(MID(C50,1,1),MID(D50,1,1),MID(E50,1,1),MID(F50,1,1),"/",MID(G50,1,1)))))) -> AG009e - LD-B/1 | B50: AG009e | C50: LIMPADOR | D50: DIURNO | E50: - | F50: B - 44 horas | G50: 1 | H50: =IF(I50=0,"-",IF(J50=0,CONCATENATE("R",I50),CONCATENATE("R",I50,"/",J50))) -> - | K50: =VLOOKUP(B50,#REF!,2,FALSE()) -> #REF! | L50: =VLOOKUP(B50,#REF!,7,FALSE()) -> #REF! | M50: Cesta Gd | N50: 20% INSALUB | O50: NR32 | P50: SEM COBERT | Q50: =VLOOKUP(B50,#REF!,10,FALSE()) -> #REF! | R50: Seg à Sex - 06:30 às 15:30 / Sáb - 07:00 às 11:00 - Intervalo: 10h30 - 11h30 - Pausa: N/A - Folga: Domingos | S50: =U50+W50+Y50+AA50+AC50+AE50+AG50+AH50 -> 1.8333333 | T50: 06:30 às 15:30 | U50: 0.33333333 | V50: 06:30 às 15:30 | W50: 0.33333333 | X50: 06:30 às 15:30 | Y50: 0.33333333 | Z50: 06:30 às 15:30 | AA50: 0.33333333 | AB50: 06:30 às 15:30 | AC50: 0.33333333 | AD50: 7:00 às 11:00 | AE50: 0.16666667 | AF50: FOLGA | BK50: X
A51: =IF(C51="ENCAR",CONCATENATE(B51," - ",C51),IF(C51="ZELAD",CONCATENATE(B51," - ",C51),CONCATENATE(B51," - ",(CONCATENATE(MID(C51,1,1),MID(D51,1,1),MID(E51,1,1),MID(F51,1,1),"/",MID(G51,1,1)))))) -> AG009e - LD-B/2 | B51: AG009e | C51: LIMPADOR | D51: DIURNO | E51: - | F51: B - 44 horas | G51: 2 | H51: =IF(I51=0,"-",IF(J51=0,CONCATENATE("R",I51),CONCATENATE("R",I51,"/",J51))) -> - | K51: =VLOOKUP(B51,#REF!,2,FALSE()) -> #REF! | L51: =VLOOKUP(B51,#REF!,7,FALSE()) -> #REF! | M51: Cesta Gd | N51: 20% INSALUB | O51: NR32 | P51: SEM COBERT | Q51: =VLOOKUP(B51,#REF!,10,FALSE()) -> #REF! | R51: Seg à Sex 09:00 ás 18:00 / Sáb 07:00 às 11:00 - Intervalo 13:00 -14:00 - Pausa N/A - Folga: Dom e Fer | S51: =U51+W51+Y51+AA51+AC51+AE51+AG51+AH51 -> 1.8333333 | T51: 09:00 às 18:00 | U51: 0.33333333 | V51: 09:00 às 18:00 | W51: 0.33333333 | X51: 09:00 às 18:00 | Y51: 0.33333333 | Z51: 09:00 às 18:00 | AA51: 0.33333333 | AB51: 09:00 às 18:00 | AC51: 0.33333333 | AD51: 07:00 às 11:00 | AE51: 0.16666667 | AF51: FOLGA | BK51: X
A52: =IF(C52="ENCAR",CONCATENATE(B52," - ",C52),IF(C52="ZELAD",CONCATENATE(B52," - ",C52),CONCATENATE(B52," - ",(CONCATENATE(MID(C52,1,1),MID(D52,1,1),MID(E52,1,1),MID(F52,1,1),"/",MID(G52,1,1)))))) -> FC073 - LD-C/U | B52: FC073 | C52: LIMPADOR | D52: DIURNO | E52: - | F52: C - menos de 44h | G52: UNICO | H52: =IF(I52=0,"-",IF(J52=0,CONCATENATE("R",I52),CONCATENATE("R",I52,"/",J52))) -> Reduzido | I52: eduzido | K52: =VLOOKUP(B52,#REF!,2,FALSE()) -> #REF! | L52: =VLOOKUP(B52,#REF!,7,FALSE()) -> #REF! | M52: Cesta Pq | N52: 20% INSALUB | O52: NR32 | P52: SEM COBERT | Q52: Bernardo | R52: Seg à Sáb - 07:00 às 12:00 - Intervalo: N/A - Pausa: N/A - Folga: Domingos | S52: =U52+W52+Y52+AA52+AC52+AE52 -> 1.25 | T52: 07:00 às 12:00 | U52: 0.20833333 | V52: 07:00 às 12:00 | W52: 0.20833333 | X52: 07:00 às 12:00 | Y52: 0.20833333 | Z52: 07:00 às 12:00 | AA52: 0.20833333 | AB52: 07:00 às 12:00 | AC52: 0.20833333 | AD52: 07:00 às 12:00 | AE52: 0.20833333 | AF52: FOLGA | BK52: X
A53: =IF(C53="ENCAR",CONCATENATE(B53," - ",C53),IF(C53="ZELAD",CONCATENATE(B53," - ",C53),CONCATENATE(B53," - ",(CONCATENATE(MID(C53,1,1),MID(D53,1,1),MID(E53,1,1),MID(F53,1,1),"/",MID(G53,1,1)))))) -> AG009h - LD-C/U | B53: AG009h | C53: LIMPADOR | D53: DIURNO | E53: - | F53: C - menos de 44h | G53: UNICO | H53: =IF(I53=0,"-",IF(J53=0,CONCATENATE("R",I53),CONCATENATE("R",I53,"/",J53))) -> Reduzido | I53: eduzido | K53: =VLOOKUP(B53,#REF!,2,FALSE()) -> #REF! | L53: =VLOOKUP(B53,#REF!,7,FALSE()) -> #REF! | M53: Cesta Pq | N53: 20% INSALUB | O53: NR32 | P53: SEM COBERT | Q53: =VLOOKUP(B53,#REF!,10,FALSE()) -> #REF! | R53: Seg à Sex - 07:00 às 11:00 / Sáb - 08:00 às 10:00 - Intervalo: N/A - Pausa: N/A - Folga: Domingo | S53: =U53+W53+Y53+AA53+AC53+AE53+AG53+AH53 -> 0.91666667 | T53: 07:00 às 11:00 | U53: 0.16666667 | V53: 07:00 às 11:00 | W53: 0.16666667 | X53: 07:00 às 11:00 | Y53: 0.16666667 | Z53: 07:00 às 11:00 | AA53: 0.16666667 | AB53: 07:00 às 11:00 | AC53: 0.16666667 | AD53: 8:00 às 10:00 | AE53: 0.083333333 | AF53: FOLGA | BK53: X
A54: =IF(C54="ENCAR",CONCATENATE(B54," - ",C54),IF(C54="ZELAD",CONCATENATE(B54," - ",C54),CONCATENATE(B54," - ",(CONCATENATE(MID(C54,1,1),MID(D54,1,1),MID(E54,1,1),MID(F54,1,1),"/",MID(G54,1,1)))))) -> AG009i - LD-C/U | B54: AG009i | C54: LIMPADOR | D54: DIURNO | E54: - | F54: C - menos de 44h | G54: UNICO | H54: =IF(I54=0,"-",IF(J54=0,CONCATENATE("R",I54),CONCATENATE("R",I54,"/",J54))) -> Reduzido | I54: eduzido | K54: =VLOOKUP(B54,#REF!,2,FALSE()) -> #REF! | L54: =VLOOKUP(B54,#REF!,7,FALSE()) -> #REF! | M54: Cesta Pq | N54: 20% INSALUB | O54: NR32 | P54: SEM COBERT | Q54: =VLOOKUP(B54,#REF!,10,FALSE()) -> #REF! | R54: Seg à Sáb - 07:00 às 12:00 - Intervalo: N/A - Pausa: N/A - Folga: Domingo | S54: =U54+W54+Y54+AA54+AC54+AE54+AG54+AH54 -> 1.25 | T54: 07:00 às 12:00 | U54: 0.20833333 | V54: 07:00 às 12:00 | W54: 0.20833333 | X54: 07:00 às 12:00 | Y54: 0.20833333 | Z54: 07:00 às 12:00 | AA54: 0.20833333 | AB54: 07:00 às 12:00 | AC54: 0.20833333 | AD54: 07:00 às 12:00 | AE54: 0.20833333 | AF54: FOLGA | BK54: X
A55: =IF(C55="ENCAR",CONCATENATE(B55," - ",C55),IF(C55="ZELAD",CONCATENATE(B55," - ",C55),CONCATENATE(B55," - ",(CONCATENATE(MID(C55,1,1),MID(D55,1,1),MID(E55,1,1),MID(F55,1,1),"/",MID(G55,1,1)))))) -> AG009f - LD-C/U | B55: AG009f | C55: LIMPADOR | D55: DIURNO | E55: - | F55: C - menos de 44h | G55: UNICO | H55: =IF(I55=0,"-",IF(J55=0,CONCATENATE("R",I55),CONCATENATE("R",I55,"/",J55))) -> Reduzido | I55: eduzido | K55: =VLOOKUP(B55,#REF!,2,FALSE()) -> #REF! | L55: =VLOOKUP(B55,#REF!,7,FALSE()) -> #REF! | M55: Vale Refeição | N55: 20% INSALUB | O55: NR32 | P55: SEM COBERT | Q55: =VLOOKUP(B55,#REF!,10,FALSE()) -> #REF! | R55: Seg à Sáb - 07:00 às 12:00 - Intervalo: N/A - Pausa: N/A - Folga: Domingos | S55: =U55+W55+Y55+AA55+AC55+AE55+AG55+AH55 -> 1.8333333 | T55: 07:00 às 16:00 | U55: 0.33333333 | V55: 07:00 às 16:00 | W55: 0.33333333 | X55: 07:00 às 16:00 | Y55: 0.33333333 | Z55: 07:00 às 16:00 | AA55: 0.33333333 | AB55: 07:00 às 16:00 | AC55: 0.33333333 | AD55: 8:00 às 12:00 | AE55: 0.16666667 | AF55: FOLGA | BK55: X
A56: =IF(C56="ENCAR",CONCATENATE(B56," - ",C56),IF(C56="ZELAD",CONCATENATE(B56," - ",C56),CONCATENATE(B56," - ",(CONCATENATE(MID(C56,1,1),MID(D56,1,1),MID(E56,1,1),MID(F56,1,1),"/",MID(G56,1,1)))))) -> AG009g - LD-B/U | B56: AG009g | C56: LIMPADOR | D56: DIURNO | E56: - | F56: B - 44 horas | G56: UNICO | H56: =IF(I56=0,"-",IF(J56=0,CONCATENATE("R",I56),CONCATENATE("R",I56,"/",J56))) -> - | K56: =VLOOKUP(B56,#REF!,2,FALSE()) -> #REF! | L56: =VLOOKUP(B56,#REF!,7,FALSE()) -> #REF! | M56: Vale Refeição | N56: 20% INSALUB | O56: NR32 | P56: SEM COBERT | Q56: =VLOOKUP(B56,#REF!,10,FALSE()) -> #REF! | R56: Seg à Qui - 07:00 às 16:00 / Sex - 07:00 às 15:00 / Sáb - 07:00 às 12:00 - Intervalo: 11h - 12h - Pausa: N/A - Folga: Domingos | S56: =U56+W56+Y56+AA56+AC56+AE56+AG56+AH56 -> 1.8333333 | T56: 07:00 às 16:00 | U56: 0.33333333 | V56: 07:00 às 16:00 | W56: 0.33333333 | X56: 07:00 às 16:00 | Y56: 0.33333333 | Z56: 07:00 às 16:00 | AA56: 0.33333333 | AB56: 07:00 às 15:00 | AC56: 0.33333333 | AD56: 7:00 às 12:00 | AE56: 0.16666667 | AF56: FOLGA | BK56: X
A57: =IF(C57="ENCAR",CONCATENATE(B57," - ",C57),IF(C57="ZELAD",CONCATENATE(B57," - ",C57),CONCATENATE(B57," - ",(CONCATENATE(MID(C57,1,1),MID(D57,1,1),MID(E57,1,1),MID(F57,1,1),"/",MID(G57,1,1)))))) -> FC070 - LD-C/U | B57: FC070 | C57: LIMPADOR | D57: DIURNO | E57: - | F57: C - menos de 44h | G57: UNICO | H57: =IF(I57=0,"-",IF(J57=0,CONCATENATE("R",I57),CONCATENATE("R",I57,"/",J57))) -> Reduzido | I57: eduzido | K57: =VLOOKUP(B57,#REF!,2,FALSE()) -> #REF! | L57: =VLOOKUP(B57,#REF!,7,FALSE()) -> #REF! | M57: Cesta Pq | N57: 20% INSALUB | O57: NR32 | P57: SEM COBERT | Q57: =VLOOKUP(B57,#REF!,10,FALSE()) -> #REF! | R57: Seg à Sáb - 07:00 às 12:00 - Intervalo: N/A - Pausa: N/A - Folga: Domingo | S57: =U57+W57+Y57+AA57+AC57+AE57+AG57+AH57 -> 1.25 | T57: 07:00 às 12:00 | U57: 0.20833333 | V57: 07:00 às 12:00 | W57: 0.20833333 | X57: 07:00 às 12:00 | Y57: 0.20833333 | Z57: 07:00 às 12:00 | AA57: 0.20833333 | AB57: 07:00 às 12:00 | AC57: 0.20833333 | AD57: 07:00 às 12:00 | AE57: 0.20833333 | AF57: FOLGA | AV57: ESCALA PAR | AW57: ESCALA IMPAR | AX57: ESCALA IMPAR | AY57: ESCALA PAR | AZ57: ESCALA IMPAR | BA57: ESCALA IMPAR | BB57: ESCALA PAR | BC57: ESCALA PAR | BD57: ESCALA IMPAR | BE57: ESCALA PAR | BF57: ESCALA IMPAR | BG57: ESCALA PAR | BL57: X
A58: =IF(C58="ENCAR",CONCATENATE(B58," - ",C58),IF(C58="ZELAD",CONCATENATE(B58," - ",C58),CONCATENATE(B58," - ",(CONCATENATE(MID(C58,1,1),MID(D58,1,1),MID(E58,1,1),MID(F58,1,1),"/",MID(G58,1,1)))))) -> AG009k - LD-C/U | B58: AG009k | C58: LIMPADOR | D58: DIURNO | E58: - | F58: C - menos de 44h | G58: UNICO | H58: =IF(I58=0,"-",IF(J58=0,CONCATENATE("R",I58),CONCATENATE("R",I58,"/",J58))) -> Reduzido | I58: eduzido | K58: =VLOOKUP(B58,#REF!,2,FALSE()) -> #REF! | L58: =VLOOKUP(B58,#REF!,7,FALSE()) -> #REF! | M58: Cesta Pq | N58: 20% INSALUB | O58: NR32 | P58: SEM COBERT | Q58: =VLOOKUP(B58,#REF!,10,FALSE()) -> #REF! | R58: Seg à Sáb - 07:00 às 12:00 - Intervalo: N/A - Pausa: N/A - Folga: Domingo | S58: =U58+W58+Y58+AA58+AC58+AE58+AG58+AH58 -> 1.25 | T58: 07:00 às 12:00 | U58: 0.20833333 | V58: 07:00 às 12:00 | W58: 0.20833333 | X58: 07:00 às 12:00 | Y58: 0.20833333 | Z58: 07:00 às 12:00 | AA58: 0.20833333 | AB58: 07:00 às 12:00 | AC58: 0.20833333 | AD58: 7:00 às 12:00 | AE58: 0.20833333 | AF58: FOLGA | AV58: ESCALA IMPAR | AW58: ESCALA PAR | AX58: ESCALA PAR | AY58: ESCALA IMPAR | AZ58: ESCALA PAR | BA58: ESCALA PAR | BB58: ESCALA IMPAR | BC58: ESCALA IMPAR | BD58: ESCALA PAR | BE58: ESCALA IMPAR | BF58: ESCALA PAR | BG58: ESCALA IMPAR | BL58: X
A59: =IF(C59="ENCAR",CONCATENATE(B59," - ",C59),IF(C59="ZELAD",CONCATENATE(B59," - ",C59),CONCATENATE(B59," - ",(CONCATENATE(MID(C59,1,1),MID(D59,1,1),MID(E59,1,1),MID(F59,1,1),"/",MID(G59,1,1)))))) -> AG009l - LD-C/U | B59: AG009l | C59: LIMPADOR | D59: DIURNO | E59: - | F59: C - menos de 44h | G59: UNICO | H59: =IF(I59=0,"-",IF(J59=0,CONCATENATE("R",I59),CONCATENATE("R",I59,"/",J59))) -> R.13/1 | I59: .13 | J59: 1 | K59: =VLOOKUP(B59,#REF!,2,FALSE()) -> #REF! | L59: =VLOOKUP(B59,#REF!,7,FALSE()) -> #REF! | M59: Roteiro ou Contagem | N59: 20% INSALUB | O59: NR32 | P59: SEM COBERT | Q59: =VLOOKUP(B59,#REF!,10,FALSE()) -> #REF! | R59: Seg à Sex - 07:00 às 12:00 - Intervalo: N/A - Pausa: N/A - Folga: Sab e Dom | S59: 1.0416667 | T59: 07:00 às 12:00 | U59: 0.20833333 | V59: 07:00 às 12:00 | W59: 0.20833333 | X59: 07:00 às 12:00 | Y59: 0.20833333 | Z59: 07:00 às 12:00 | AA59: 0.20833333 | AB59: 07:00 às 12:00 | AC59: 0.20833333 | AD59: FOLGA | AE59: - | AF59: FOLGA | BL59: X
A60: =IF(C60="ENCAR",CONCATENATE(B60," - ",C60),IF(C60="ZELAD",CONCATENATE(B60," - ",C60),CONCATENATE(B60," - ",(CONCATENATE(MID(C60,1,1),MID(D60,1,1),MID(E60,1,1),MID(F60,1,1),"/",MID(G60,1,1)))))) -> AG009m - LD-C/U | B60: AG009m | C60: LIMPADOR | D60: DIURNO | E60: - | F60: C - menos de 44h | G60: UNICO | H60: =IF(I60=0,"-",IF(J60=0,CONCATENATE("R",I60),CONCATENATE("R",I60,"/",J60))) -> Reduzido | I60: eduzido | K60: =VLOOKUP(B60,#REF!,2,FALSE()) -> #REF! | L60: =VLOOKUP(B60,#REF!,7,FALSE()) -> #REF! | M60: Roteiro ou Contagem | N60: 20% INSALUB | O60: NR32 | P60: SEM COBERT | Q60: =VLOOKUP(B60,#REF!,10,FALSE()) -> #REF! | R60: Seg à Sáb - 07:00 às 12:00 - Intervalo: N/A - Pausa: N/A - Folga: N/A | S60: =U60+W60+Y60+AA60+AC60+AE60+AG60+AH60 -> 1.25 | T60: 07:00 às 12:00 | U60: 0.20833333 | V60: 07:00 às 12:00 | W60: 0.20833333 | X60: 07:00 às 12:00 | Y60: 0.20833333 | Z60: 07:00 às 12:00 | AA60: 0.20833333 | AB60: 07:00 às 12:00 | AC60: 0.20833333 | AD60: 07:00 às 12:00 | AE60: 0.20833333 | AF60: FOLGA | BL60: X
A61: =IF(C61="ENCAR",CONCATENATE(B61," - ",C61),IF(C61="ZELAD",CONCATENATE(B61," - ",C61),CONCATENATE(B61," - ",(CONCATENATE(MID(C61,1,1),MID(D61,1,1),MID(E61,1,1),MID(F61,1,1),"/",MID(G61,1,1)))))) -> AG009n - LD-C/U | B61: AG009n | C61: LIMPADOR | D61: DIURNO | E61: - | F61: C - menos de 44h | G61: UNICO | H61: =IF(I61=0,"-",IF(J61=0,CONCATENATE("R",I61),CONCATENATE("R",I61,"/",J61))) -> Reduzido | I61: eduzido | K61: =VLOOKUP(B61,#REF!,2,FALSE()) -> #REF! | L61: =VLOOKUP(B61,#REF!,7,FALSE()) -> #REF! | M61: Cesta Pq | N61: 20% INSALUB | O61: NR32 | P61: SEM COBERT | Q61: =VLOOKUP(B61,#REF!,10,FALSE()) -> #REF! | R61: Seg à Sáb - 07:00 às 12:00 - Intervalo: N/A - Pausa: N/A - Folga: Domingo | S61: =U61+W61+Y61+AA61+AC61+AE61+AG61+AH61 -> 1.25 | T61: 07:00 às 12:00 | U61: 0.20833333 | V61: 07:00 às 12:00 | W61: 0.20833333 | X61: 07:00 às 12:00 | Y61: 0.20833333 | Z61: 07:00 às 12:00 | AA61: 0.20833333 | AB61: 07:00 às 12:00 | AC61: 0.20833333 | AD61: 07:00 às 12:00 | AE61: 0.20833333 | AF61: FOLGA | BL61: X
A62: =IF(C62="ENCAR",CONCATENATE(B62," - ",C62),IF(C62="ZELAD",CONCATENATE(B62," - ",C62),CONCATENATE(B62," - ",(CONCATENATE(MID(C62,1,1),MID(D62,1,1),MID(E62,1,1),MID(F62,1,1),"/",MID(G62,1,1)))))) -> AG009p - LD-B/U | B62: AG009p | C62: LIMPADOR | D62: DIURNO | E62: - | F62: B - 44 horas | G62: UNICO | H62: =IF(I62=0,"-",IF(J62=0,CONCATENATE("R",I62),CONCATENATE("R",I62,"/",J62))) -> - | K62: =VLOOKUP(B62,#REF!,2,FALSE()) -> #REF! | L62: =VLOOKUP(B62,#REF!,7,FALSE()) -> #REF! | M62: Cesta Gd | N62: 20% INSALUB | O62: NR32 | P62: COB EXTRA | Q62: =VLOOKUP(B62,#REF!,10,FALSE()) -> #REF! | R62: Seg à Sáb - 07:00 às 15:20 - Intervalo: 11h - 12h - Pausa: N/A - Folga: Domingos | S62: =U62+W62+Y62+AA62+AC62+AE62+AG62+AH62 -> 1.8333333 | T62: 07:00 às 15:20 | U62: 0.30555556 | V62: 07:00 às 15:20 | W62: 0.30555556 | X62: 07:00 às 15:20 | Y62: 0.30555556 | Z62: 07:00 às 15:20 | AA62: 0.30555556 | AB62: 07:00 às 15:20 | AC62: 0.30555556 | AD62: 7:00 às 15:20 | AE62: 0.30555556 | AF62: FOLGA | BL62: X
A63: =IF(C63="ENCAR",CONCATENATE(B63," - ",C63),IF(C63="ZELAD",CONCATENATE(B63," - ",C63),CONCATENATE(B63," - ",(CONCATENATE(MID(C63,1,1),MID(D63,1,1),MID(E63,1,1),MID(F63,1,1),"/",MID(G63,1,1)))))) -> AG009q - LD-C/U | B63: AG009q | C63: LIMPADOR | D63: DIURNO | E63: - | F63: C - menos de 44h | G63: UNICO | H63: =IF(I63=0,"-",IF(J63=0,CONCATENATE("R",I63),CONCATENATE("R",I63,"/",J63))) -> Reduzido | I63: eduzido | K63: =VLOOKUP(B63,#REF!,2,FALSE()) -> #REF! | L63: =VLOOKUP(B63,#REF!,7,FALSE()) -> #REF! | M63: Cesta Pq | N63: 20% INSALUB | O63: NR32 | P63: SEM COBERT | Q63: =VLOOKUP(B63,#REF!,10,FALSE()) -> #REF! | R63: Seg à Sex - 13:30 às 15:30 / Sáb - 10:00 às 12:00 - Intervalo: N/A - Pausa: N/A - Folga: Domingo | S63: =U63+W63+Y63+AA63+AC63+AE63+AG63+AH63 -> 0.5 | T63: 13:30 às 15:30 | U63: 0.083333333 | V63: 13:30 às 15:30 | W63: 0.083333333 | X63: 13:30 às 15:30 | Y63: 0.083333333 | Z63: 13:30 às 15:30 | AA63: 0.083333333 | AB63: 13:30 às 15:30 | AC63: 0.083333333 | AD63: 10:00 às 12:00 | AE63: 0.083333333 | AF63: FOLGA | BD63: ESCALA IMPAR | BE63: ESCALA PAR | BF63: ESCALA IMPAR | BG63: ESCALA PAR | BL63: X
A64: =IF(C64="ENCAR",CONCATENATE(B64," - ",C64),IF(C64="ZELAD",CONCATENATE(B64," - ",C64),CONCATENATE(B64," - ",(CONCATENATE(MID(C64,1,1),MID(D64,1,1),MID(E64,1,1),MID(F64,1,1),"/",MID(G64,1,1)))))) -> AG010 - LD-C/1 | B64: AG010 | C64: LIMPADOR | D64: DIURNO | E64: - | F64: C - menos de 44h | G64: 1 | H64: =IF(I64=0,"-",IF(J64=0,CONCATENATE("R",I64),CONCATENATE("R",I64,"/",J64))) -> Reduzido | I64: eduzido | K64: =VLOOKUP(B64,#REF!,2,FALSE()) -> #REF! | L64: =VLOOKUP(B64,#REF!,7,FALSE()) -> #REF! | M64: Roteiro ou Contagem | N64: N/A | O64: N/A | P64: SEM COBERT | Q64: =VLOOKUP(B64,#REF!,10,FALSE()) -> #REF! | R64: Seg a Sex - 12:00 às 16:00 - Intervalo: N/A - Pausa: N/A - Folga: N/A | S64: =U64+W64+Y64+AA64+AC64+AE64+AG64+AH64 -> 0.83333333 | T64: 12:00 às 16:00 | U64: 0.16666667 | V64: 12:00 às 16:00 | W64: 0.16666667 | X64: 12:00 às 16:00 | Y64: 0.16666667 | Z64: 12:00 às 16:00 | AA64: 0.16666667 | AB64: 12:00 às 16:00 | AC64: 0.16666667 | BM64: X
A65: =IF(C65="ENCAR",CONCATENATE(B65," - ",C65),IF(C65="ZELAD",CONCATENATE(B65," - ",C65),CONCATENATE(B65," - ",(CONCATENATE(MID(C65,1,1),MID(D65,1,1),MID(E65,1,1),MID(F65,1,1),"/",MID(G65,1,1)))))) -> MC003 - PD-A/1 | B65: MC003 | C65: PORTEIRO | D65: DIURNO | E65: - | F65: A - 12 por 36 | G65: 1 | H65: =IF(I65=0,"-",IF(J65=0,CONCATENATE("R",I65),CONCATENATE("R",I65,"/",J65))) -> - | K65: =VLOOKUP(B65,#REF!,2,FALSE()) -> #REF! | L65: =VLOOKUP(B65,#REF!,7,FALSE()) -> #REF! | M65: Cesta Gd | N65: N/A | O65: N/A | P65: COB ESCALA | Q65: =VLOOKUP(B65,#REF!,10,FALSE()) -> #REF! | R65: 12 por 36 - 08:00 às 20:00 - Intervalo: 12h - 13h - Pausa: 16h - 16h15 - Folga: N/A | S65: 1.8333333 | T65: 08:00 às 20:00 | U65: 0.5 | X65: 08:00 às 20:00 | Y65: 0.5 | AB65: 08:00 às 20:00 | AC65: 0.5 | AF65: 08:00 às 20:00 | AG65: 0.5 | AI65: ESCALA PAR | AJ65: ESCALA IMPAR | AK65: ESCALA IMPAR | AL65: ESCALA PAR | AM65: ESCALA IMPAR | AN65: ESCALA IMPAR | AO65: ESCALA PAR | AP65: ESCALA PAR | AQ65: ESCALA IMPAR | AR65: ESCALA PAR | AS65: ESCALA IMPAR | AT65: ESCALA PAR | BM65: X
A66: =IF(C66="ENCAR",CONCATENATE(B66," - ",C66),IF(C66="ZELAD",CONCATENATE(B66," - ",C66),CONCATENATE(B66," - ",(CONCATENATE(MID(C66,1,1),MID(D66,1,1),MID(E66,1,1),MID(F66,1,1),"/",MID(G66,1,1)))))) -> MC003 - PD-A/2 | B66: MC003 | C66: PORTEIRO | D66: DIURNO | E66: - | F66: A - 12 por 36 | G66: 2 | H66: =IF(I66=0,"-",IF(J66=0,CONCATENATE("R",I66),CONCATENATE("R",I66,"/",J66))) -> - | K66: =VLOOKUP(B66,#REF!,2,FALSE()) -> #REF! | L66: =VLOOKUP(B66,#REF!,7,FALSE()) -> #REF! | M66: Cesta Gd | N66: N/A | O66: N/A | P66: COB ESCALA | Q66: =VLOOKUP(B66,#REF!,10,FALSE()) -> #REF! | R66: 12 por 36 - 08:00 às 20:00 - Intervalo: 12h - 13h - Pausa: 16h - 16h15 - Folga: N/A | S66: 1.8333333 | V66: 08:00 às 20:00 | W66: 0.5 | Z66: 08:00 às 20:00 | AA66: 0.5 | AD66: 08:00 às 20:00 | AE66: 0.5 | AI66: ESCALA IMPAR | AJ66: ESCALA PAR | AK66: ESCALA PAR | AL66: ESCALA IMPAR | AM66: ESCALA PAR | AN66: ESCALA PAR | AO66: ESCALA IMPAR | AP66: ESCALA IMPAR | AQ66: ESCALA PAR | AR66: ESCALA IMPAR | AS66: ESCALA PAR | AT66: ESCALA IMPAR | BM66: X
A67: =IF(C67="ENCAR",CONCATENATE(B67," - ",C67),IF(C67="ZELAD",CONCATENATE(B67," - ",C67),CONCATENATE(B67," - ",(CONCATENATE(MID(C67,1,1),MID(D67,1,1),MID(E67,1,1),MID(F67,1,1),"/",MID(G67,1,1)))))) -> MC003 - PN-A/1 | B67: MC003 | C67: PORTEIRO | D67: NOTURNO | E67: - | F67: A - 12 por 36 | G67: 1 | H67: =IF(I67=0,"-",IF(J67=0,CONCATENATE("R",I67),CONCATENATE("R",I67,"/",J67))) -> - | K67: =VLOOKUP(B67,#REF!,2,FALSE()) -> #REF! | L67: =VLOOKUP(B67,#REF!,7,FALSE()) -> #REF! | M67: Cesta Gd | N67: N/A | O67: N/A | P67: COB ESCALA | Q67: =VLOOKUP(B67,#REF!,10,FALSE()) -> #REF! | R67: 12 por 36 - 20:00 às 08:00 - Intervalo: 00h - 01h - Pausa: 04h - 04h15 - Folga: N/A | S67: 1.8333333 | T67: 20:00 às 8:00 | U67: 0.5 | X67: 20:00 às 8:00 | Y67: 0.5 | AB67: 20:00 às 8:00 | AC67: 0.5 | AF67: 20:00 às 8:00 | AG67: 0.5 | AI67: ESCALA PAR | AJ67: ESCALA IMPAR | AK67: ESCALA IMPAR | AL67: ESCALA PAR | AM67: ESCALA IMPAR | AN67: ESCALA IMPAR | AO67: ESCALA PAR | AP67: ESCALA PAR | AQ67: ESCALA IMPAR | AR67: ESCALA PAR | AS67: ESCALA IMPAR | AT67: ESCALA PAR | AV67: ESCALA PAR | AW67: ESCALA IMPAR | AX67: ESCALA IMPAR | AY67: ESCALA PAR | AZ67: ESCALA IMPAR | BA67: ESCALA IMPAR | BB67: ESCALA PAR | BC67: ESCALA PAR | BD67: ESCALA IMPAR | BE67: ESCALA PAR | BF67: ESCALA IMPAR | BG67: ESCALA PAR | BM67: X
A68: =IF(C68="ENCAR",CONCATENATE(B68," - ",C68),IF(C68="ZELAD",CONCATENATE(B68," - ",C68),CONCATENATE(B68," - ",(CONCATENATE(MID(C68,1,1),MID(D68,1,1),MID(E68,1,1),MID(F68,1,1),"/",MID(G68,1,1)))))) -> MC003 - PN-A/2 | B68: MC003 | C68: PORTEIRO | D68: NOTURNO | E68: - | F68: A - 12 por 36 | G68: 2 | H68: =IF(I68=0,"-",IF(J68=0,CONCATENATE("R",I68),CONCATENATE("R",I68,"/",J68))) -> - | K68: =VLOOKUP(B68,#REF!,2,FALSE()) -> #REF! | L68: =VLOOKUP(B68,#REF!,7,FALSE()) -> #REF! | M68: Cesta Gd | N68: N/A | O68: N/A | P68: COB ESCALA | Q68: =VLOOKUP(B68,#REF!,10,FALSE()) -> #REF! | R68: 12 por 36 - 20:00 às 08:00 - Intervalo: 00h - 01h - Pausa: 04h - 04h15 - Folga: N/A | S68: 1.8333333 | V68: 20:00 às 8:00 | W68: 0.5 | Z68: 20:00 às 8:00 | AA68: 0.5 | AD68: 20:00 às 8:00 | AE68: 0.5 | AI68: ESCALA IMPAR | AJ68: ESCALA PAR | AK68: ESCALA PAR | AL68: ESCALA IMPAR | AM68: ESCALA PAR | AN68: ESCALA PAR | AO68: ESCALA IMPAR | AP68: ESCALA IMPAR | AQ68: ESCALA PAR | AR68: ESCALA IMPAR | AS68: ESCALA PAR | AT68: ESCALA IMPAR | BD68: ESCALA IMPAR | BE68: ESCALA PAR | BF68: ESCALA IMPAR | BG68: ESCALA PAR | BM68: X
A69: =IF(C69="ENCAR",CONCATENATE(B69," - ",C69),IF(C69="ZELAD",CONCATENATE(B69," - ",C69),CONCATENATE(B69," - ",(CONCATENATE(MID(C69,1,1),MID(D69,1,1),MID(E69,1,1),MID(F69,1,1),"/",MID(G69,1,1)))))) -> AG019 - LD-B/U | B69: AG019 | C69: LIMPADOR | D69: DIURNO | E69: - | F69: B - 44 horas | G69: UNICO | H69: =IF(I69=0,"-",IF(J69=0,CONCATENATE("R",I69),CONCATENATE("R",I69,"/",J69))) -> - | K69: =VLOOKUP(B69,#REF!,2,FALSE()) -> #REF! | L69: =VLOOKUP(B69,#REF!,7,FALSE()) -> #REF! | M69: Cesta Gd | N69: N/A | O69: N/A | P69: SEM COBERT | Q69: =VLOOKUP(B69,#REF!,10,FALSE()) -> #REF! | R69: Seg à Sex - 08:00 às 17:00 / Sáb - 09:00 às 13:00 - Intervalo: 12h - 13h - Pausa: N/A - Folga: Dom e Feriados | S69: 1.8333333 | T69: 08:00 às 17:00 | U69: 0.33333333 | V69: 08:00 às 17:00 | W69: 0.33333333 | X69: 08:00 às 17:00 | Y69: 0.33333333 | Z69: 08:00 às 17:00 | AA69: 0.33333333 | AB69: 08:00 às 17:00 | AC69: 0.33333333 | AD69: 09:00 às 13:00 | AE69: 0.16666667 | AF69: FOLGA | BM69: X
A70: =IF(C70="ENCAR",CONCATENATE(B70," - ",C70),IF(C70="ZELAD",CONCATENATE(B70," - ",C70),CONCATENATE(B70," - ",(CONCATENATE(MID(C70,1,1),MID(D70,1,1),MID(E70,1,1),MID(F70,1,1),"/",MID(G70,1,1)))))) -> AG020 - LD-B/U | B70: AG020 | C70: LIMPADOR | D70: DIURNO | E70: - | F70: B - 44 horas | G70: UNICO | H70: =IF(I70=0,"-",IF(J70=0,CONCATENATE("R",I70),CONCATENATE("R",I70,"/",J70))) -> - | K70: =VLOOKUP(B70,#REF!,2,FALSE()) -> #REF! | L70: =VLOOKUP(B70,#REF!,7,FALSE()) -> #REF! | M70: Cesta Gd | N70: N/A | O70: N/A | P70: COB CONTRATO | Q70: =VLOOKUP(B70,#REF!,10,FALSE()) -> #REF! | R70: Seg à Sex - 07:40 às 17:00 - Sáb e Dom Alternados - 07:40 às 17:00 - Intervalo: 12h - 14h - Pausa: N/A - Folga: Sáb e Dom Alternados | S70: 1.8333333 | T70: 07:40 às 17:00 | U70: 0.30555556 | V70: 07:40 às 17:00 | W70: 0.30555556 | X70: 07:40 às 17:00 | Y70: 0.30555556 | Z70: 07:40 às 17:00 | AA70: 0.30555556 | AB70: 07:40 às 17:00 | AC70: 0.30555556 | AD70: 07:40 às 17:00 | AE70: 0.30555556 | AF70: FOLGA | BD70: ESCALA PAR | BE70: ESCALA PAR | BF70: ESCALA PAR | BG70: ESCALA PAR | BM70: X
A71: =IF(C71="ENCAR",CONCATENATE(B71," - ",C71),IF(C71="ZELAD",CONCATENATE(B71," - ",C71),CONCATENATE(B71," - ",(CONCATENATE(MID(C71,1,1),MID(D71,1,1),MID(E71,1,1),MID(F71,1,1),"/",MID(G71,1,1)))))) -> AG020 - LD-C/1 | B71: AG020 | C71: LIMPADOR | D71: DIURNO | E71: - | F71: C - menos de 44h | G71: 1 | H71: =IF(I71=0,"-",IF(J71=0,CONCATENATE("R",I71),CONCATENATE("R",I71,"/",J71))) -> R.05/6 | I71: .05 | J71: 6 | K71: =VLOOKUP(B71,#REF!,2,FALSE()) -> #REF! | L71: =VLOOKUP(B71,#REF!,7,FALSE()) -> #REF! | M71: Roteiro ou Contagem | N71: N/A | O71: N/A | P71: COB CONTRATO | Q71: =VLOOKUP(B71,#REF!,10,FALSE()) -> #REF! | R71: Sáb e Dom Alternados - 07:40 às 17:00 - Intervalo: 12h - 14h - Pausa: N/A - Folga: N/A | S71: =U71+W71+Y71+AA71+AC71+AE71+AG71+AH71 -> 0.30555556 | AD71: 07:40 às 17:00 | AE71: 0.30555556 | BM71: X
A72: =IF(C72="ENCAR",CONCATENATE(B72," - ",C72),IF(C72="ZELAD",CONCATENATE(B72," - ",C72),CONCATENATE(B72," - ",(CONCATENATE(MID(C72,1,1),MID(D72,1,1),MID(E72,1,1),MID(F72,1,1),"/",MID(G72,1,1)))))) -> FC074 - LD-A/1 | B72: FC074 | C72: LIMPADOR | D72: DIURNO | E72: - | F72: A - 12 por 36 | G72: 1 | H72: =IF(I72=0,"-",IF(J72=0,CONCATENATE("R",I72),CONCATENATE("R",I72,"/",J72))) -> - | K72: =VLOOKUP(B72,#REF!,2,FALSE()) -> #REF! | L72: =VLOOKUP(B72,#REF!,7,FALSE()) -> #REF! | M72: Cesta Gd | N72: N/A | O72: N/A | P72: COB ESCALA | Q72: Bernardo | R72: 12 por 36 - 09:00 às 21:00 - Intervalo: 13h - 14h - Pausa: 18h - 18h15 - Folga: N/A | S72: 1.8333333 | T72: 09:00 ás 21:00 | U72: 0.5 | X72: 09:00 ás 21:00 | Y72: 0.5 | AB72: 09:00 ás 21:00 | AC72: 0.5 | AF72: 09:00 ás 21:00 | AG72: 0.5 | BM72: X
A73: =IF(C73="ENCAR",CONCATENATE(B73," - ",C73),IF(C73="ZELAD",CONCATENATE(B73," - ",C73),CONCATENATE(B73," - ",(CONCATENATE(MID(C73,1,1),MID(D73,1,1),MID(E73,1,1),MID(F73,1,1),"/",MID(G73,1,1)))))) -> FC074 - LD-A/2 | B73: FC074 | C73: LIMPADOR | D73: DIURNO | E73: - | F73: A - 12 por 36 | G73: 2 | H73: =IF(I73=0,"-",IF(J73=0,CONCATENATE("R",I73),CONCATENATE("R",I73,"/",J73))) -> - | K73: =VLOOKUP(B73,#REF!,2,FALSE()) -> #REF! | L73: =VLOOKUP(B73,#REF!,7,FALSE()) -> #REF! | M73: Cesta Gd | N73: N/A | O73: N/A | P73: COB ESCALA | Q73: Bernardo | R73: 12 por 36 - 09:00 às 21:00 - Intervalo: 13h - 14h - Pausa: 18h - 18h15 - Folga: N/A | S73: 1.8333333 | V73: 09:00 ás 21:00 | W73: 0.5 | Z73: 09:00 ás 21:00 | AA73: 0.5 | AD73: 09:00 ás 21:00 | AE73: 0.5 | AV73: ESCALA IMPAR | AW73: ESCALA PAR | AX73: ESCALA PAR | AY73: ESCALA IMPAR | AZ73: ESCALA PAR | BA73: ESCALA PAR | BB73: ESCALA IMPAR | BC73: ESCALA IMPAR | BD73: ESCALA PAR | BE73: ESCALA IMPAR | BF73: ESCALA PAR | BG73: ESCALA IMPAR | BM73: X
A74: =IF(C74="ENCAR",CONCATENATE(B74," - ",C74),IF(C74="ZELAD",CONCATENATE(B74," - ",C74),CONCATENATE(B74," - ",(CONCATENATE(MID(C74,1,1),MID(D74,1,1),MID(E74,1,1),MID(F74,1,1),"/",MID(G74,1,1)))))) -> AG038 - PN-C/U | B74: AG038 | C74: PORTEIRO | D74: NOTURNO | E74: - | F74: C - menos de 44h | G74: UNICO | H74: =IF(I74=0,"-",IF(J74=0,CONCATENATE("R",I74),CONCATENATE("R",I74,"/",J74))) -> Reduzido | I74: eduzido | K74: =VLOOKUP(B74,#REF!,2,FALSE()) -> #REF! | L74: =VLOOKUP(B74,#REF!,7,FALSE()) -> #REF! | M74: Cesta Pq | N74: N/A | O74: N/A | P74: COB CONTRATO | Q74: =VLOOKUP(B74,#REF!,10,FALSE()) -> #REF! | R74: Sex e Sáb - 21:00 às 09:00 - Intervalo: 01h - 02h / Dom - 21:00 às 05:20 - Intervalo: 1h - 2h - Pausa: N/A - Folga: N/A | S74: =U74+W74+Y74+AA74+AC74+AE74+AG74+AH74 -> 1 | AD74: 09:00 às 21:00 | AE74: 0.5 | AF74: 09:00 às 21:00 | AG74: 0.5 | BM74: X
A75: =IF(C75="ENCAR",CONCATENATE(B75," - ",C75),IF(C75="ZELAD",CONCATENATE(B75," - ",C75),CONCATENATE(B75," - ",(CONCATENATE(MID(C75,1,1),MID(D75,1,1),MID(E75,1,1),MID(F75,1,1),"/",MID(G75,1,1)))))) -> AG038 - PM-B/U | B75: AG038 | C75: PORTEIRO | D75: MISTO | E75: - | F75: B - 44 horas | G75: UNICO | H75: =IF(I75=0,"-",IF(J75=0,CONCATENATE("R",I75),CONCATENATE("R",I75,"/",J75))) -> - | K75: =VLOOKUP(B75,#REF!,2,FALSE()) -> #REF! | L75: =VLOOKUP(B75,#REF!,7,FALSE()) -> #REF! | M75: Cesta Gd | N75: N/A | O75: N/A | P75: COB CONTRATO | Q75: =VLOOKUP(B75,#REF!,10,FALSE()) -> #REF! | R75: Seg à Qui - 21:00 às 05:20 - Intervalo: 1h - 2h - Sáb e Dom 09:00 às 21:00 - Intervalo: 1h - 2h - Pausa: N/A - Folga: Sex e 2º Dom - | S75: 1.8333333 | T75: 21:00 às 05:20 | U75: 0.30555556 | V75: 21:00 às 05:20 | W75: 0.30555556 | X75: 21:00 às 05:20 | Y75: 0.30555556 | Z75: 21:00 às 05:20 | AA75: 0.30555556 | AB75: FOLGA | AD75: 09:00 às 21:00 | AE75: 0.5 | AF75: 09:00 às 21:00 | AG75: 0.5 | AV75: ESCALA PAR | AW75: ESCALA IMPAR | AX75: ESCALA IMPAR | AY75: ESCALA PAR | AZ75: ESCALA IMPAR | BA75: ESCALA IMPAR | BB75: ESCALA PAR | BC75: ESCALA PAR | BD75: ESCALA IMPAR | BE75: ESCALA PAR | BF75: ESCALA IMPAR | BG75: ESCALA PAR | BM75: X
A76: =IF(C76="ENCAR",CONCATENATE(B76," - ",C76),IF(C76="ZELAD",CONCATENATE(B76," - ",C76),CONCATENATE(B76," - ",(CONCATENATE(MID(C76,1,1),MID(D76,1,1),MID(E76,1,1),MID(F76,1,1),"/",MID(G76,1,1)))))) -> AG045 - LD-B/1 | B76: AG045 | C76: LIMPADOR | D76: DIURNO | E76: - | F76: B - 44 horas | G76: 1 | H76: =IF(I76=0,"-",IF(J76=0,CONCATENATE("R",I76),CONCATENATE("R",I76,"/",J76))) -> - | K76: =VLOOKUP(B76,#REF!,2,FALSE()) -> #REF! | L76: =VLOOKUP(B76,#REF!,7,FALSE()) -> #REF! | M76: Cesta Gd | N76: N/A | O76: N/A | P76: COMPENSAÇÃO | Q76: =VLOOKUP(B76,#REF!,10,FALSE()) -> #REF! | R76: Seg à Sáb - 09:00 às 17:20 - Intervalo: 12h - 13h - Pausa: N/A - Folga: Folga Sáb e Dom Alternado | S76: 1.8333333 | T76: 09:00 às 17:20 | U76: 0.30555556 | V76: 09:00 às 17:20 | W76: 0.30555556 | X76: 09:00 às 17:20 | Y76: 0.30555556 | Z76: 09:00 às 17:20 | AA76: 0.30555556 | AB76: 09:00 às 17:20 | AC76: 0.30555556 | AD76: 09:00 às 17:20 | AE76: 0.30555556 | AF76: FOLGA | BN76: X
A77: =IF(C77="ENCAR",CONCATENATE(B77," - ",C77),IF(C77="ZELAD",CONCATENATE(B77," - ",C77),CONCATENATE(B77," - ",(CONCATENATE(MID(C77,1,1),MID(D77,1,1),MID(E77,1,1),MID(F77,1,1),"/",MID(G77,1,1)))))) -> AG045 - LD-B/2 | B77: AG045 | C77: LIMPADOR | D77: DIURNO | E77: - | F77: B - 44 horas | G77: 2 | H77: =IF(I77=0,"-",IF(J77=0,CONCATENATE("R",I77),CONCATENATE("R",I77,"/",J77))) -> - | K77: =VLOOKUP(B77,#REF!,2,FALSE()) -> #REF! | L77: =VLOOKUP(B77,#REF!,7,FALSE()) -> #REF! | M77: Cesta Gd | N77: N/A | O77: N/A | P77: COMPENSAÇÃO | Q77: =VLOOKUP(B77,#REF!,10,FALSE()) -> #REF! | R77: Seg à Sáb - 09:00 às 17:20 - Intervalo: 12h - 13h - Pausa: N/A - Folga: Folga Sáb e Dom Alternado | S77: 1.8333333 | T77: 09:00 às 17:20 | U77: 0.30555556 | V77: 09:00 às 17:20 | W77: 0.30555556 | X77: 09:00 às 17:20 | Y77: 0.30555556 | Z77: 09:00 às 17:20 | AA77: 0.30555556 | AB77: 09:00 às 17:20 | AC77: 0.30555556 | AD77: 09:00 às 17:20 | AE77: 0.30555556 | AF77: FOLGA | BN77: X
A78: =IF(C78="ENCAR",CONCATENATE(B78," - ",C78),IF(C78="ZELAD",CONCATENATE(B78," - ",C78),CONCATENATE(B78," - ",(CONCATENATE(MID(C78,1,1),MID(D78,1,1),MID(E78,1,1),MID(F78,1,1),"/",MID(G78,1,1)))))) -> AG045 - LD-B/3 | B78: AG045 | C78: LIMPADOR | D78: DIURNO | E78: - | F78: B - 44 horas | G78: 3 | H78: =IF(I78=0,"-",IF(J78=0,CONCATENATE("R",I78),CONCATENATE("R",I78,"/",J78))) -> - | K78: =VLOOKUP(B78,#REF!,2,FALSE()) -> #REF! | L78: =VLOOKUP(B78,#REF!,7,FALSE()) -> #REF! | M78: Cesta Gd | N78: N/A | O78: N/A | P78: COMPENSAÇÃO | Q78: =VLOOKUP(B78,#REF!,10,FALSE()) -> #REF! | R78: Seg à Sáb - 09:00 às 17:20 - Intervalo: 13h - 14h - Pausa: N/A - Folga: Folga Sáb e Dom Alternado | S78: 1.8333333 | T78: 09:00 às 17:20 | U78: 0.30555556 | V78: 09:00 às 17:20 | W78: 0.30555556 | X78: 09:00 às 17:20 | Y78: 0.30555556 | Z78: 09:00 às 17:20 | AA78: 0.30555556 | AB78: 09:00 às 17:20 | AC78: 0.30555556 | AD78: 09:00 às 17:20 | AE78: 0.30555556 | AF78: FOLGA | BO78: X
A79: =IF(C79="ENCAR",CONCATENATE(B79," - ",C79),IF(C79="ZELAD",CONCATENATE(B79," - ",C79),CONCATENATE(B79," - ",(CONCATENATE(MID(C79,1,1),MID(D79,1,1),MID(E79,1,1),MID(F79,1,1),"/",MID(G79,1,1)))))) -> AG045 - LD-B/4 | B79: AG045 | C79: LIMPADOR | D79: DIURNO | E79: - | F79: B - 44 horas | G79: 4 | H79: =IF(I79=0,"-",IF(J79=0,CONCATENATE("R",I79),CONCATENATE("R",I79,"/",J79))) -> - | K79: =VLOOKUP(B79,#REF!,2,FALSE()) -> #REF! | L79: =VLOOKUP(B79,#REF!,7,FALSE()) -> #REF! | M79: Cesta Gd | N79: N/A | O79: N/A | P79: COMPENSAÇÃO | Q79: =VLOOKUP(B79,#REF!,10,FALSE()) -> #REF! | R79: Seg a Sáb - 09:00 às 17:20 - Intervalo: 13h - 14h - Pausa: N/A - Folga: Folga Sáb e Dom Alternado | S79: 1.8333333 | T79: 09:00 às 17:20 | U79: 0.30555556 | V79: 09:00 às 17:20 | W79: 0.30555556 | X79: 09:00 às 17:20 | Y79: 0.30555556 | Z79: 09:00 às 17:20 | AA79: 0.30555556 | AB79: 09:00 às 17:20 | AC79: 0.30555556 | AD79: 09:00 às 17:20 | AE79: 0.30555556 | AF79: FOLGA | BP79: X
A80: =IF(C80="ENCAR",CONCATENATE(B80," - ",C80),IF(C80="ZELAD",CONCATENATE(B80," - ",C80),CONCATENATE(B80," - ",(CONCATENATE(MID(C80,1,1),MID(D80,1,1),MID(E80,1,1),MID(F80,1,1),"/",MID(G80,1,1)))))) -> AG045 - MD-B/1 | B80: AG045 | C80: MANUTENCIONISTA | D80: DIURNO | E80: - | F80: B - 44 horas | G80: 1 | H80: =IF(I80=0,"-",IF(J80=0,CONCATENATE("R",I80),CONCATENATE("R",I80,"/",J80))) -> - | K80: =VLOOKUP(B80,#REF!,2,FALSE()) -> #REF! | L80: =VLOOKUP(B80,#REF!,7,FALSE()) -> #REF! | M80: Cesta Gd | N80: N/A | O80: NR35 | P80: COB EXTRA | Q80: =VLOOKUP(B80,#REF!,10,FALSE()) -> #REF! | R80: Seg à Sáb - 09:00 às 17:20 - Intervalo: 13h - 14h - Pausa: N/A - Folga: Domingos | S80: 1.8333333 | T80: 09:00 às 17:20 | U80: 0.30555556 | V80: 09:00 às 17:20 | W80: 0.30555556 | X80: 09:00 às 17:20 | Y80: 0.30555556 | Z80: 09:00 às 17:20 | AA80: 0.30555556 | AB80: 09:00 às 17:20 | AC80: 0.30555556 | AD80: 09:00 às 17:20 | AE80: 0.30555556 | AF80: FOLGA | BP80: X
A81: =IF(C81="ENCAR",CONCATENATE(B81," - ",C81),IF(C81="ZELAD",CONCATENATE(B81," - ",C81),CONCATENATE(B81," - ",(CONCATENATE(MID(C81,1,1),MID(D81,1,1),MID(E81,1,1),MID(F81,1,1),"/",MID(G81,1,1)))))) -> AG045 - MD-B/2 | B81: AG045 | C81: MANUTENCIONISTA | D81: DIURNO | E81: - | F81: B - 44 horas | G81: 2 | H81: =IF(I81=0,"-",IF(J81=0,CONCATENATE("R",I81),CONCATENATE("R",I81,"/",J81))) -> - | K81: =VLOOKUP(B81,#REF!,2,FALSE()) -> #REF! | L81: =VLOOKUP(B81,#REF!,7,FALSE()) -> #REF! | M81: Cesta Gd | N81: N/A | O81: N/A | P81: COB EXTRA | Q81: =VLOOKUP(B81,#REF!,10,FALSE()) -> #REF! | R81: Seg à Sáb - 09:00 às 17:20 - Intervalo: 13h - 14h - Pausa: N/A - Folga: Domingos | S81: =U81+W81+Y81+AA81+AC81+AE81 -> 1.8333333 | T81: 09:00 às 17:20 | U81: 0.30555556 | V81: 09:00 às 17:20 | W81: 0.30555556 | X81: 09:00 às 17:20 | Y81: 0.30555556 | Z81: 09:00 às 17:20 | AA81: 0.30555556 | AB81: 09:00 às 17:20 | AC81: 0.30555556 | AD81: 09:00 às 17:20 | AE81: 0.30555556 | AF81: FOLGA | BQ81: X
A82: =IF(C82="ENCAR",CONCATENATE(B82," - ",C82),IF(C82="ZELAD",CONCATENATE(B82," - ",C82),CONCATENATE(B82," - ",(CONCATENATE(MID(C82,1,1),MID(D82,1,1),MID(E82,1,1),MID(F82,1,1),"/",MID(G82,1,1)))))) -> AG045 - ZELAD | B82: AG045 | C82: ZELAD | D82: DIURNO | E82: - | F82: B - 44 horas | G82: 1 | H82: =IF(I82=0,"-",IF(J82=0,CONCATENATE("R",I82),CONCATENATE("R",I82,"/",J82))) -> - | K82: =VLOOKUP(B82,#REF!,2,FALSE()) -> #REF! | L82: =VLOOKUP(B82,#REF!,7,FALSE()) -> #REF! | M82: Cesta Gd | N82: N/A | O82: N/A | P82: COB EXTRA | Q82: =VLOOKUP(B82,#REF!,10,FALSE()) -> #REF! | R82: Seg à Sex - 09:00 às 18:00 / Sáb - 09:00 às 13:00 - Intervalo: 13h - 14h - Pausa: N/A - Folga: Domingos | S82: 1.8333333 | T82: 09:00 às 18:00 | U82: 0.33333333 | V82: 09:00 às 18:00 | W82: 0.33333333 | X82: 09:00 às 18:00 | Y82: 0.33333333 | Z82: 09:00 às 18:00 | AA82: 0.33333333 | AB82: 09:00 às 18:00 | AC82: 0.33333333 | AD82: 09:00 às 13:00 | AE82: 0.16666667 | AF82: FOLGA | BR82: X
A83: =IF(C83="ENCAR",CONCATENATE(B83," - ",C83),IF(C83="ZELAD",CONCATENATE(B83," - ",C83),CONCATENATE(B83," - ",(CONCATENATE(MID(C83,1,1),MID(D83,1,1),MID(E83,1,1),MID(F83,1,1),"/",MID(G83,1,1)))))) -> AG048 - LD-C/2 | B83: AG048 | C83: LIMPADOR | D83: DIURNO | E83: - | F83: C - menos de 44h | G83: 2 | H83: =IF(I83=0,"-",IF(J83=0,CONCATENATE("R",I83),CONCATENATE("R",I83,"/",J83))) -> R.14/2 | I83: .14 | J83: 2 | K83: =VLOOKUP(B83,#REF!,2,FALSE()) -> #REF! | L83: =VLOOKUP(B83,#REF!,7,FALSE()) -> #REF! | M83: Roteiro ou Contagem | N83: N/A | O83: N/A | P83: SEM COBERT | Q83: =VLOOKUP(B83,#REF!,10,FALSE()) -> #REF! | R83: Qua - 08:00 às 17:00 - Intervalo: 12h - 13h - Pausa: N/A - Folga: N/A | S83: =U83+W83+Y83+AA83+AC83+AE83+AG83+AH83 -> 0.33333333 | X83: 08:00 às 17:00 | Y83: 0.33333333 | BS83: X
